Country Name,Indicator Name,1997,1998,1999,2000,2001,2002,2003,2004,2005,2006,2007,2008,2009,2010,2011,2012,2013,2014,2015,2016,2017,2018,2019,2020,2021
Aruba,"Employment in industry, female (% of female employment) (modeled ILO estimate)",,,,,,,,,,,,,,,,,,,,,,,,,
Africa Eastern and Southern,"Employment in industry, female (% of female employment) (modeled ILO estimate)",5.732359268,5.633848043,5.523597511,5.339925184,5.18552093,5.024433786,4.994634735,4.870143081,4.767747616,4.794424098,4.793628036,4.887653605,4.926910486,4.946550596,5.030914855,5.096088739,5.083276833,5.078390021,5.093871316,5.126426728,5.157282682,5.109627095,5.13597487,,
Afghanistan,"Employment in industry, female (% of female employment) (modeled ILO estimate)",12.93000031,12.5,12.01000023,11.39000034,10.59000015,11.43000031,11.52000046,11.06999969,11.52999973,11.80000019,12.68999958,12.92000008,14.81000042,16.44000053,17.29999924,18.97999954,20.11000061,21.09000015,21.87999916,22.94000053,24.28000069,24.51000023,25.02000046,,
Africa Western and Central,"Employment in industry, female (% of female employment) (modeled ILO estimate)",11.21625549,11.13378472,11.08413448,10.96399454,10.93633771,10.76678334,10.71781932,10.57387369,10.66937178,10.76345782,10.81020672,10.80315698,10.81529145,10.74438303,10.70388932,11.08400516,11.47854511,12.00118998,12.36606975,12.33540859,12.49227958,12.43327405,12.4935957,,
Angola,"Employment in industry, female (% of female employment) (modeled ILO estimate)",1.799999952,1.840000033,1.769999981,1.769999981,1.830000043,1.789999962,1.830000043,1.840000033,1.690000057,1.570000052,1.460000038,1.350000024,1.279999971,1.159999967,1.120000005,1.080000043,1.049999952,1.019999981,1.00999999,1,0.970000029,0.939999998,0.920000017,,
Albania,"Employment in industry, female (% of female employment) (modeled ILO estimate)",6.449999809,6.489999771,6.519999981,6.619999886,6.789999962,7.03000021,7.289999962,7.480000019,7.769999981,8.18999958,8.420000076,8.850000381,10.26000023,10.64000034,11.42000008,10.56000042,10.23999977,11.75,14.03999996,14.84000015,15.17000008,15.65999985,16.30999947,,
Andorra,"Employment in industry, female (% of female employment) (modeled ILO estimate)",,,,,,,,,,,,,,,,,,,,,,,,,
Arab World,"Employment in industry, female (% of female employment) (modeled ILO estimate)",12.59211406,12.90334163,13.32174914,12.14044836,13.0112426,13.07194611,11.9295964,11.67030633,11.23584829,11.21964022,10.91429335,10.78571941,10.47426387,10.57595325,10.16965765,10.30657053,10.24669622,10.13692891,10.2921793,10.39840127,10.50935717,10.82707126,10.59268401,,
United Arab Emirates,"Employment in industry, female (% of female employment) (modeled ILO estimate)",13.78999996,13.75,13.67000008,13.65999985,12.72000027,11.82999992,11.05000019,10.31999969,9.590000153,9.010000229,8.420000076,7.909999847,7.429999828,7,6.690000057,6.429999828,6.260000229,6.139999866,6.050000191,5.900000095,5.690000057,5.53000021,5.420000076,,
Argentina,"Employment in industry, female (% of female employment) (modeled ILO estimate)",11.68999958,10.80000019,10.85999966,10.35000038,10.46000004,9.43999958,11.22999954,10.85999966,10.68000031,10.68000031,10.47999954,10.23999977,9.68999958,9.43999958,10.02000046,9.529999733,8.989999771,8.390000343,8.659999847,8.880000114,9.170000076,9.140000343,9.199999809,,
Armenia,"Employment in industry, female (% of female employment) (modeled ILO estimate)",9.130000114,8.949999809,8.789999962,8.630000114,8.430000305,8.270000458,8.18999958,8.050000191,7.869999886,7.760000229,7.880000114,6.539999962,5.380000114,5.820000172,6.380000114,7.510000229,6.5,8.06000042,7.53000021,7.860000134,8.800000191,10.90999985,11.39999962,,
American Samoa,"Employment in industry, female (% of female employment) (modeled ILO estimate)",,,,,,,,,,,,,,,,,,,,,,,,,
Antigua and Barbuda,"Employment in industry, female (% of female employment) (modeled ILO estimate)",,,,,,,,,,,,,,,,,,,,,,,,,
Australia,"Employment in industry, female (% of female employment) (modeled ILO estimate)",10.65999985,10.18000031,9.909999847,10.22999954,9.510000229,9.529999733,9.539999962,9.359999657,9.31000042,9.069999695,8.859999657,9.31000042,8.899999619,8.609999657,8.529999733,8.359999657,8.300000191,8.109999657,7.659999847,7.900000095,7.630000114,8.149999619,7.449999809,,
Austria,"Employment in industry, female (% of female employment) (modeled ILO estimate)",14.60000038,14.22999954,14,14.15999985,13.80000019,12.96000004,13.06999969,13.28999996,12.89999962,13.40999985,12.97999954,12.26000023,11.42000008,11.47000027,12.44999981,12.65999985,13.01000023,12.69999981,12.14000034,11.97999954,11.39999962,11.85999966,11.76000023,,
Azerbaijan,"Employment in industry, female (% of female employment) (modeled ILO estimate)",8.140000343,7.829999924,7.809999943,7.519999981,7.21999979,7.480000019,7.840000153,8.279999733,8.670000076,4.039999962,3.730000019,6.050000191,5.539999962,6.099999905,6.170000076,6.190000057,6.010000229,6.159999847,5.880000114,6.019999981,5.980000019,5.949999809,5.909999847,,
Burundi,"Employment in industry, female (% of female employment) (modeled ILO estimate)",0.720000029,0.699999988,0.699999988,0.699999988,0.699999988,0.720000029,0.709999979,0.769999981,0.769999981,0.769999981,0.779999971,0.800000012,0.819999993,0.839999974,0.860000014,0.870000005,0.910000026,0.930000007,0.920000017,0.930000007,0.930000007,0.920000017,0.910000026,,
Belgium,"Employment in industry, female (% of female employment) (modeled ILO estimate)",13.23999977,12.76000023,11.47000027,11.65999985,11.80000019,12.47000027,11.59000015,10.85000038,11.31999969,10.73999977,11.01000023,10.27999973,9.710000038,10.06999969,9.670000076,8.630000114,8.569999695,8.319999695,8.359999657,8.170000076,8.569999695,8.550000191,8.409999847,,
Benin,"Employment in industry, female (% of female employment) (modeled ILO estimate)",20.36000061,20.15999985,19.97999954,19.71999931,19.45000076,19.29000092,19.04999924,18.82999992,18.70999908,18.5,18.13999939,17.79999924,17.63999939,17.45000076,17.27000046,17.06999969,16.87999916,16.70000076,16.70999908,16.51000023,16.40999985,16.27000046,16.15999985,,
Burkina Faso,"Employment in industry, female (% of female employment) (modeled ILO estimate)",5.630000114,6.260000229,6.940000057,7.679999828,8.609999657,9.640000343,10.82999992,12.09000015,13.53999996,15.14999962,16.79999924,18.71999931,20.67000008,22.70000076,24.87000084,27.12000084,29.61000061,32.43000031,30.37999916,28.42000008,26.65999985,25.12000084,25.15999985,,
Bangladesh,"Employment in industry, female (% of female employment) (modeled ILO estimate)",7.550000191,7.75,8.06000042,8.640000343,8.920000076,9.350000381,9.920000076,10.64000034,11.52000046,12.47999954,12.64000034,12.77000046,12.86999989,13.02000046,13.46000004,13.92000008,14.39000034,14.86999989,15.38000011,15.92000008,16.76000023,17.18000031,17.65999985,,
Bulgaria,"Employment in industry, female (% of female employment) (modeled ILO estimate)",30.5,29.85000038,28.43000031,27.26000023,28.84000015,28.80999947,27.97999954,28.53000069,28.84000015,28.02000046,28.48999977,28.62999916,26.81999969,24.06999969,23.90999985,25.09000015,23.82999992,23.20999908,22.73999977,22.37000084,22.54000092,22.39999962,22.22999954,,
Bahrain,"Employment in industry, female (% of female employment) (modeled ILO estimate)",10.63000011,11.27999973,11.97999954,12.67000008,13.42000008,12.40999985,11.53999996,10.81000042,10.22000027,9.760000229,9.449999809,9.239999771,8.960000038,9.039999962,8.930000305,8.960000038,9.069999695,9.170000076,9.199999809,9.100000381,8.960000038,8.770000458,8.569999695,,
"Bahamas, The","Employment in industry, female (% of female employment) (modeled ILO estimate)",5.880000114,5.320000172,5.449999809,5.769999981,6.119999886,4.28000021,5.489999771,5.110000134,5.050000191,5.059999943,5.380000114,4.159999847,3.630000114,3.579999924,3.430000067,3.369999886,3.25,3.160000086,3.049999952,2.970000029,2.970000029,2.950000048,2.910000086,,
Bosnia and Herzegovina,"Employment in industry, female (% of female employment) (modeled ILO estimate)",18.51000023,18.62000084,18.30999947,17.93000031,17.72999954,17.73999977,17.62999916,17.52000046,17.62999916,17.85000038,18.05999947,18.52000046,16.38999939,16.29999924,16.29999924,16.72999954,16.28000069,16.13999939,17.06999969,17.87999916,17.98999977,17.93000031,16.85000038,,
Belarus,"Employment in industry, female (% of female employment) (modeled ILO estimate)",27.52000046,26.86000061,26.28000069,25.68000031,24.94000053,24.44000053,23.92000008,23.54000092,23.19000053,22.95000076,22.70999908,22.54000092,22.32999992,22.11000061,21.87000084,21.51000023,21.14999962,20.87000084,20.38999939,19.86000061,19.70999908,19.05999947,18.75,,
Belize,"Employment in industry, female (% of female employment) (modeled ILO estimate)",15,10.59000015,11.68999958,11.59000015,11.30000019,11.03999996,10.78999996,10.52000046,10.27000046,10.07999992,9.819999695,9.609999657,9.289999962,9.06000042,8.850000381,8.609999657,8.359999657,8.130000114,7.989999771,9.319999695,9.239999771,9.239999771,9.260000229,,
Bermuda,"Employment in industry, female (% of female employment) (modeled ILO estimate)",,,,,,,,,,,,,,,,,,,,,,,,,
Bolivia,"Employment in industry, female (% of female employment) (modeled ILO estimate)",11.26000023,11.21000004,11.21000004,9.680000305,8.979999542,10.71000004,10.89999962,10.90999985,10.68000031,10.01000023,9.079999924,10.89999962,10.56999969,10.60000038,10.69999981,10.77999973,10.01000023,9.670000076,10.98999977,10.27000046,9.779999733,10.19999981,10.23999977,,
Brazil,"Employment in industry, female (% of female employment) (modeled ILO estimate)",14.34000015,13.97000027,13.86999989,13.40999985,12.98999977,12.81000042,12.89999962,13.02000046,13.39000034,13.13000011,13.30000019,13.68999958,13.31000042,12.60999966,11.89999962,12.61999989,12.22000027,11.93999958,11.65999985,10.77000046,10.68999958,10.75,10.56999969,,
Barbados,"Employment in industry, female (% of female employment) (modeled ILO estimate)",11.30000019,11.52000046,11.09000015,10.43000031,9.819999695,9.859999657,8.880000114,8.210000038,7.579999924,6.78000021,7.119999886,7.179999828,7.75,8.729999542,8.529999733,9.050000191,9.56000042,9.880000114,9.68999958,9.359999657,9.279999733,9.180000305,9.010000229,,
Brunei Darussalam,"Employment in industry, female (% of female employment) (modeled ILO estimate)",10.18999958,10.72000027,10.60000038,10.53999996,10.88000011,10.72999954,10.55000019,10.48999977,10.28999996,10.25,10.60000038,10.32999992,10.81999969,10.72000027,10.51000023,10.56999969,10.81000042,10.90999985,10.42000008,9.770000458,9.170000076,9.010000229,9.420000076,,
Bhutan,"Employment in industry, female (% of female employment) (modeled ILO estimate)",5.010000229,5,5.03000021,5.139999866,5.25,5.369999886,5.449999809,5.559999943,5.639999866,5.630000114,5.929999828,6.130000114,6.409999847,6.71999979,8.609999657,9.270000458,10.26000023,8.409999847,9.239999771,9.380000114,9.43999958,9.569999695,9.569999695,,
Botswana,"Employment in industry, female (% of female employment) (modeled ILO estimate)",16.90999985,15.93000031,15.03999996,14.27999973,14.93999958,15.60999966,16.40999985,15.18000031,13.98999977,12.90999985,12.06000042,11.22999954,10.40999985,10.22000027,10.10999966,10.02999973,9.880000114,9.800000191,9.789999962,9.640000343,9.529999733,9.390000343,9.239999771,,
Central African Republic,"Employment in industry, female (% of female employment) (modeled ILO estimate)",6.349999905,6.269999981,6.099999905,6.039999962,5.940000057,5.849999905,5.860000134,5.730000019,5.659999847,5.619999886,5.570000172,5.590000153,5.46999979,5.360000134,5.260000229,5.110000134,5.110000134,4.920000076,4.769999981,4.710000038,4.630000114,4.579999924,4.570000172,,
Canada,"Employment in industry, female (% of female employment) (modeled ILO estimate)",11.42000008,11.43999958,11.48999977,11.44999981,11.30000019,11.5,11.32999992,11.31999969,10.80000019,10.46000004,10.21000004,9.710000038,8.93999958,8.539999962,8.979999542,9,8.729999542,8.609999657,8.550000191,8.510000229,8.479999542,8.460000038,8.350000381,,
Central Europe and the Baltics,"Employment in industry, female (% of female employment) (modeled ILO estimate)",23.66819344,23.22455361,22.24202312,21.80748925,22.14204445,22.39087177,22.11989038,22.5457711,21.82462791,21.8145498,21.74565963,21.55860464,19.8846684,18.77674109,19.01100681,18.80218184,18.53859392,18.82844212,18.69085599,19.05570014,19.38033593,19.45773039,19.35811155,,
Switzerland,"Employment in industry, female (% of female employment) (modeled ILO estimate)",13.89999962,12.86999989,12.60999966,12.40999985,12.34000015,11.67000008,11.22999954,11.30000019,11.01000023,11.18999958,10.72999954,11.40999985,10.77000046,10.71000004,10.39999962,10.30000019,10.64999962,10.57999992,10.10000038,9.890000343,10.14000034,9.859999657,10.13000011,,
Channel Islands,"Employment in industry, female (% of female employment) (modeled ILO estimate)",20.78000069,20.44000053,20.15999985,19.89999962,19.22999954,18.68000031,18.09000015,17.56999969,17.15999985,16.85000038,16.5,15.89999962,15.10000038,14.72999954,14.21000004,13.84000015,13.51000023,13.19999981,12.88000011,12.53999996,12.18999958,11.81999969,11.46000004,,
Chile,"Employment in industry, female (% of female employment) (modeled ILO estimate)",14.47000027,13.89999962,12.65999985,12.35000038,12.98999977,12.10999966,11.85999966,12.30000019,11.60000038,11.39000034,10.98999977,11.46000004,10.78999996,10.27000046,10.48999977,10.77999973,10.64999962,10.75,11.22999954,11.13000011,10.84000015,10.22000027,10.15999985,,
China,"Employment in industry, female (% of female employment) (modeled ILO estimate)",24.94000053,24.51000023,23.67000008,22.79000092,22.29999924,21.02000046,20.95000076,21.87000084,22.95000076,24.13999939,25.55999947,25.70999908,25.98999977,26.62000084,27.18000031,27.76000023,27.31999969,26.86000061,25.87999916,25.23999977,24.25,24.18000031,23.05999947,,
Cote d'Ivoire,"Employment in industry, female (% of female employment) (modeled ILO estimate)",11.84000015,11.65999985,11.60999966,11.63000011,11.23999977,11.18999958,11.13000011,11.10000038,11,10.88000011,10.92000008,10.84000015,10.94999981,10.81999969,10.97999954,11.06000042,11.38000011,10.94999981,10.56999969,10.35000038,10.34000015,10.43000031,10.47000027,,
Cameroon,"Employment in industry, female (% of female employment) (modeled ILO estimate)",7.099999905,7.170000076,7.239999771,7.409999847,7.820000172,7.599999905,7.650000095,7.860000134,8.319999695,8.880000114,9.479999542,9.569999695,9.81000042,9.909999847,10.06999969,10.26000023,10.40999985,10.60999966,10.75,10.85000038,10.96000004,10.96000004,10.97999954,,
"Congo, Dem. Rep.","Employment in industry, female (% of female employment) (modeled ILO estimate)",3.700000048,3.630000114,3.609999895,3.420000076,3.569999933,3.480000019,3.400000095,3.349999905,3.289999962,3.269999981,3.309999943,3.289999962,3.380000114,3.319999933,3.319999933,3.329999924,3.339999914,3.349999905,3.390000105,3.450000048,3.480000019,3.450000048,3.480000019,,
"Congo, Rep.","Employment in industry, female (% of female employment) (modeled ILO estimate)",24.60000038,24.60000038,24.51000023,24.03000069,24.04000092,24.01000023,24.09000015,23.87999916,23.57999992,23.39999962,23.54000092,23.39999962,23.51000023,22.95999908,22.95000076,22.75,22.67000008,22.53000069,22.67000008,22.75,22.69000053,22.37999916,22.22999954,,
Colombia,"Employment in industry, female (% of female employment) (modeled ILO estimate)",18.45999908,18.15999985,17.71999931,17.42000008,17.21999931,16.96999931,16.76000023,16.57999992,16.38999939,16.27000046,16.17000008,16,15.88000011,15.85999966,16.06999969,15.96000004,14.72999954,14.34000015,14,13.31999969,13.96000004,14.85999966,14.39999962,,
Comoros,"Employment in industry, female (% of female employment) (modeled ILO estimate)",12.72999954,12.60000038,12.47000027,12.43999958,12.35000038,12.30000019,12.25,12.21000004,12.68000031,13.14000034,13.61999989,14.03999996,14.56999969,15.03999996,15.51000023,15.93999958,16.40999985,16.81999969,16.79000092,16.73999977,16.70999908,16.53000069,16.38999939,,
Cabo Verde,"Employment in industry, female (% of female employment) (modeled ILO estimate)",14.10999966,14.03999996,13.92000008,13.81000042,13.76000023,13.81999969,13.77000046,13.61999989,13.56000042,13.39999962,13.17000008,13.06999969,13.05000019,12.98999977,12.81000042,12.67000008,12.52999973,12.43000031,12.30000019,12.03999996,11.88000011,11.14000034,11.40999985,,
Costa Rica,"Employment in industry, female (% of female employment) (modeled ILO estimate)",17.20000076,17.59000015,17.25,16.37000084,17.14999962,14.97999954,14.43999958,13.11999989,12.60000038,12.76000023,12.89000034,13,11.59000015,10.97000027,10.42000008,9.529999733,8.069999695,9.640000343,9.630000114,9.109999657,9.909999847,11,10.02999973,,
Caribbean small states,"Employment in industry, female (% of female employment) (modeled ILO estimate)",11.30737892,10.58006805,9.936192794,9.355773985,9.008569986,9.165807645,8.870463883,8.906140171,8.988484703,8.600707857,8.613851887,8.798305172,8.65467349,8.73793919,8.696690448,8.570485658,8.322223896,8.213383518,8.097544665,8.135790038,8.077510035,7.979271991,7.78567496,,
Cuba,"Employment in industry, female (% of female employment) (modeled ILO estimate)",16.02000046,14.82999992,13.78999996,13.81000042,13.5,13.17000008,12.86999989,12.68999958,12.60999966,12.55000019,12.38000011,11.89999962,11.71000004,11.55000019,12.07999992,13.53999996,11.38000011,10.89000034,10.97000027,10.81999969,10.61999989,10.53999996,10.42000008,,
Curacao,"Employment in industry, female (% of female employment) (modeled ILO estimate)",,,,,,,,,,,,,,,,,,,,,,,,,
Cayman Islands,"Employment in industry, female (% of female employment) (modeled ILO estimate)",,,,,,,,,,,,,,,,,,,,,,,,,
Cyprus,"Employment in industry, female (% of female employment) (modeled ILO estimate)",15.69999981,14.73999977,13.85000038,12.98999977,12.34000015,11.93999958,11.11999989,10.47999954,10.35000038,10.02999973,9.479999542,9.619999886,9.470000267,9.199999809,8.420000076,8.350000381,7.309999943,7.050000191,6.320000172,6.409999847,6.900000095,6.369999886,7.070000172,,
Czechia,"Employment in industry, female (% of female employment) (modeled ILO estimate)",29.31999969,29.01000023,28.03000069,27.21999931,28.36000061,27.84000015,27.28000069,26.79000092,26.48999977,27.02000046,26.80999947,26.73999977,24.05999947,23.20000076,23.88999939,23.34000015,22.90999985,23.60000038,23.75,24.13999939,24.21999931,23.93000031,23.63999939,,
Germany,"Employment in industry, female (% of female employment) (modeled ILO estimate)",18.88999939,18.88999939,18.48999977,18.27000046,17.87999916,17.61000061,16.92000008,17.01000023,16.01000023,16.01000023,15.94999981,15.01000023,14.56000042,14.27000046,14.18999958,14.15999985,14.01000023,14.15999985,13.85999966,13.80000019,13.85999966,13.94999981,13.89999962,,
Djibouti,"Employment in industry, female (% of female employment) (modeled ILO estimate)",9.18999958,9.079999924,8.93999958,8.850000381,8.75,8.609999657,8.479999542,8.350000381,8.229999542,8.100000381,7.96999979,7.820000172,7.760000229,7.659999847,7.53000021,7.440000057,7.349999905,7.289999962,7.190000057,7.099999905,7.039999962,6.900000095,6.800000191,,
Dominica,"Employment in industry, female (% of female employment) (modeled ILO estimate)",,,,,,,,,,,,,,,,,,,,,,,,,
Denmark,"Employment in industry, female (% of female employment) (modeled ILO estimate)",14.47000027,14.64999962,15.38000011,13.5,14.39999962,12.25,11.64000034,12.01000023,12.40999985,11.63000011,12.64000034,12.27999973,10.22999954,9.229999542,9.329999924,9.409999847,9.109999657,9.220000267,9.619999886,9.300000191,8.890000343,8.720000267,8.789999962,,
Dominican Republic,"Employment in industry, female (% of female employment) (modeled ILO estimate)",21.42000008,22.27000046,20.77000046,20.31999969,17.17000008,15.5,15.36999989,15.18999958,15.10999966,14.30000019,13.84000015,14.43000031,9.460000038,9.680000305,9.630000114,10.47000027,8.850000381,9.670000076,8.869999886,9.069999695,9.590000153,9.449999809,9.279999733,,
Algeria,"Employment in industry, female (% of female employment) (modeled ILO estimate)",32.02000046,31.78000069,31.05999947,30.27000046,29.79000092,28.03000069,26.38999939,26.19000053,26.04999924,25.73999977,25.47999954,25.07999992,24.72999954,24.31999969,23.82999992,23.87000084,23.89999962,24.01000023,24.14999962,24.26000023,24.36000061,23.93000031,23.47999954,,
East Asia & Pacific (excluding high income),"Employment in industry, female (% of female employment) (modeled ILO estimate)",22.37445793,21.86034722,21.28815291,20.64492259,20.45803305,19.48909682,19.46290961,20.1342321,21.16965624,21.96679225,22.88421997,22.88076304,22.9784663,23.41305332,23.68528677,24.16350285,23.85568479,23.64702383,23.06290333,22.70881373,22.1104458,22.13089903,21.31103935,,
Early-demographic dividend,"Employment in industry, female (% of female employment) (modeled ILO estimate)",12.89642788,12.77598454,12.80187598,12.78608109,13.0113212,12.99989221,13.00912276,13.06400514,13.39491589,13.4974789,13.41917487,13.34779021,13.32051796,13.46234392,13.84499835,14.33167465,14.19114143,14.3040121,14.43344857,14.45511347,14.67093543,14.81928341,14.81353047,,
East Asia & Pacific,"Employment in industry, female (% of female employment) (modeled ILO estimate)",22.40306041,21.79457085,21.22922939,20.61335779,20.36821026,19.41618648,19.34148452,19.88730484,20.75276104,21.42875647,22.22665686,22.19029721,22.18113156,22.5498831,22.78034433,23.19076073,22.92478028,22.69306662,22.15913553,21.8056434,21.2559243,21.26087933,20.48027365,,
Europe & Central Asia (excluding high income),"Employment in industry, female (% of female employment) (modeled ILO estimate)",20.02471441,19.55458361,19.22217594,19.04971125,19.35854164,19.1959522,18.76439061,18.37911794,18.00694597,17.62389205,17.63838044,16.88732362,16.24481922,16.19339425,15.80178874,15.76563085,15.5666435,15.63389884,15.16013091,15.15298646,15.06109942,15.16555886,15.07710296,,
Europe & Central Asia,"Employment in industry, female (% of female employment) (modeled ILO estimate)",18.51857585,18.25739135,17.81097623,17.53011602,17.54302493,17.27234171,16.74616007,16.40141123,15.94266228,15.6657032,15.5981307,14.99431377,14.1206399,13.84636417,13.71430429,13.62692332,13.46703154,13.49133183,13.19310211,13.17533424,13.23204401,13.27001299,13.21609481,,
Ecuador,"Employment in industry, female (% of female employment) (modeled ILO estimate)",16.51000023,16,15.19999981,14.42000008,13.69999981,12.31999969,11.06999969,11.39999962,10.10000038,10.81999969,11.31000042,11.22999954,10.72000027,11.07999992,10.85999966,10.63000011,11.36999989,11.38000011,11.17000008,10.60000038,11.11999989,10.82999992,9.81000042,,
"Egypt, Arab Rep.","Employment in industry, female (% of female employment) (modeled ILO estimate)",8.050000191,9.090000153,11.17000008,6.860000134,10.13000011,10.35000038,6.159999847,5.78000021,4.909999847,6.010000229,6.150000095,5.539999962,5.119999886,5.929999828,5.090000153,5.510000229,5.059999943,5.019999981,5.630000114,6.21999979,6.840000153,8.25,8.010000229,,
Euro area,"Employment in industry, female (% of female employment) (modeled ILO estimate)",17.1718935,17.24462375,16.81143013,16.60955784,16.36781208,15.98807681,15.33398313,14.92475371,14.41184862,14.04715271,13.85359695,13.20028405,12.44431071,12.06249342,12.02754246,11.86096171,11.68710984,11.56662712,11.45571605,11.36607971,11.52061521,11.56636487,11.52985715,,
Eritrea,"Employment in industry, female (% of female employment) (modeled ILO estimate)",5.380000114,5.510000229,5.519999981,5.420000076,5.369999886,5.25,5.199999809,5.090000153,5.170000076,5.099999905,5.019999981,4.929999828,4.78000021,4.820000172,4.71999979,4.659999847,4.670000076,4.579999924,4.599999905,4.550000191,4.570000172,4.519999981,4.5,,
Spain,"Employment in industry, female (% of female employment) (modeled ILO estimate)",13.65999985,13.75,13.48999977,14.43999958,14.36999989,14.31000042,13.31999969,12.77999973,12.42000008,11.63000011,11.60999966,11.22999954,10.07999992,9.56000042,8.909999847,9.06000042,8.479999542,8.43999958,8.680000305,8.43999958,8.850000381,9.119999886,9.420000076,,
Estonia,"Employment in industry, female (% of female employment) (modeled ILO estimate)",25.20999908,23.73999977,22.73999977,22.90999985,25.26000023,22.65999985,22.60000038,25.64999962,24.19000053,21.63999939,21.79999924,22.09000015,19.37000084,17.95999908,19.06999969,17.65999985,17.13999939,17.53000069,17.46999931,17.25,17.34000015,17.34000015,17.04999924,,
Ethiopia,"Employment in industry, female (% of female employment) (modeled ILO estimate)",8.550000191,8.479999542,8.43999958,8.5,8.539999962,8.619999886,8.770000458,8.930000305,9.069999695,8.989999771,8.909999847,8.930000305,8.920000076,8.859999657,8.850000381,8.920000076,8.930000305,8.920000076,8.930000305,9.020000458,9.069999695,9.039999962,9.100000381,,
European Union,"Employment in industry, female (% of female employment) (modeled ILO estimate)",18.5507828,18.48933716,17.89753241,17.55100731,17.43493607,17.11344988,16.50815657,16.2849818,15.70671647,15.45881927,15.31583247,14.73849595,13.7891883,13.25072731,13.27213495,13.11852919,12.942554,12.91264639,12.7798643,12.77563999,12.97323536,13.00944499,12.95324743,,
Fragile and conflict affected situations,"Employment in industry, female (% of female employment) (modeled ILO estimate)",10.03354305,9.914912815,9.806255496,9.642325976,9.574112003,9.466079369,9.435265153,9.373274591,9.43127059,9.486136097,9.534991266,9.525891283,9.539979142,9.5085552,9.475474084,9.655984386,9.758090089,9.819132648,9.693464494,9.680413263,9.678135391,9.715058723,9.713049305,,
Finland,"Employment in industry, female (% of female employment) (modeled ILO estimate)",13.89000034,15.06999969,14.18999958,14.22999954,13.75,13.63000011,12.85999966,12.35000038,12.27999973,11.85000038,11.46000004,10.39000034,9.960000038,9.899999619,9.289999962,9.050000191,9.069999695,8.619999886,8.729999542,8.81000042,8.550000191,8.909999847,8.789999962,,
Fiji,"Employment in industry, female (% of female employment) (modeled ILO estimate)",19.80999947,19.59000015,19.56999969,19.04999924,18.59000015,18.13999939,17.54000092,17.03000069,16.27000046,15.47000027,14.53999996,13.68000031,12.81000042,12.10000038,11.43000031,10.68999958,10.07999992,9.470000267,8.899999619,8.319999695,8.010000229,7.75,7.510000229,,
France,"Employment in industry, female (% of female employment) (modeled ILO estimate)",14.38000011,14.28999996,14.35999966,14.03999996,13.93999958,13.34000015,12.39000034,12.51000023,12.06999969,11.72000027,11.52999973,10.94999981,10.30000019,10.15999985,10.53999996,10.26000023,10.14000034,9.680000305,9.390000343,9.279999733,9.890000343,9.579999924,9.539999962,,
Faroe Islands,"Employment in industry, female (% of female employment) (modeled ILO estimate)",,,,,,,,,,,,,,,,,,,,,,,,,
"Micronesia, Fed. Sts.","Employment in industry, female (% of female employment) (modeled ILO estimate)",,,,,,,,,,,,,,,,,,,,,,,,,
Gabon,"Employment in industry, female (% of female employment) (modeled ILO estimate)",2.359999895,2.359999895,2.400000095,2.380000114,2.380000114,2.400000095,2.410000086,2.400000095,2.400000095,2.430000067,2.430000067,2.450000048,2.49000001,2.450000048,2.460000038,2.49000001,2.50999999,2.539999962,2.579999924,2.630000114,2.660000086,2.690000057,2.720000029,,
United Kingdom,"Employment in industry, female (% of female employment) (modeled ILO estimate)",13.27999973,13.10999966,12.56000042,11.94999981,11.36999989,10.81000042,10.23999977,9.529999733,9.380000114,9.420000076,9.430000305,9.409999847,7.690000057,7.429999828,7.510000229,7.650000095,7.679999828,7.940000057,7.670000076,7.610000134,7.670000076,7.449999809,7.699999809,,
Georgia,"Employment in industry, female (% of female employment) (modeled ILO estimate)",5.869999886,5.639999866,4.929999828,4,5.869999886,3.480000019,4.199999809,4.019999981,4.360000134,3.930000067,3.670000076,3.680000067,3.809999943,4.179999828,5.199999809,4.739999771,4.760000229,5.090000153,5.079999924,6.010000229,5.420000076,5.769999981,5.579999924,,
Ghana,"Employment in industry, female (% of female employment) (modeled ILO estimate)",14.63000011,14.57999992,14.55000019,14.47999954,14.42000008,14.38000011,14.31999969,14.27999973,14.27999973,14.35000038,13.85999966,13.27000046,12.82999992,12.44999981,11.97999954,11.48999977,11.06999969,15.19999981,20.21999931,20.62000084,21.22999954,22.40999985,23.11000061,,
Gibraltar,"Employment in industry, female (% of female employment) (modeled ILO estimate)",,,,,,,,,,,,,,,,,,,,,,,,,
Guinea,"Employment in industry, female (% of female employment) (modeled ILO estimate)",1.960000038,1.950000048,1.960000038,1.929999948,1.919999957,1.919999957,1.899999976,1.899999976,1.889999986,1.909999967,1.909999967,1.909999967,1.919999957,1.909999967,1.909999967,1.919999957,1.940000057,1.950000048,1.980000019,1.970000029,1.980000019,1.980000019,1.980000019,,
"Gambia, The","Employment in industry, female (% of female employment) (modeled ILO estimate)",4.690000057,4.659999847,4.679999828,4.670000076,4.659999847,4.690000057,4.659999847,4.639999866,4.679999828,4.610000134,4.559999943,4.539999962,4.480000019,4.440000057,4.429999828,4.369999886,4.320000172,4.320000172,4.28000021,4.239999771,4.159999847,4.099999905,4.039999962,,
Guinea-Bissau,"Employment in industry, female (% of female employment) (modeled ILO estimate)",6.96999979,7.019999981,6.940000057,6.730000019,6.5,6.489999771,6.409999847,6.309999943,6.25,6.139999866,6.059999943,6.090000153,5.989999771,5.949999809,5.880000114,5.929999828,5.860000134,5.809999943,5.820000172,5.800000191,5.789999962,5.730000019,5.769999981,,
Equatorial Guinea,"Employment in industry, female (% of female employment) (modeled ILO estimate)",9.930000305,10.43999958,10.98999977,11.81000042,12.22999954,12.85999966,13.55000019,13.93000031,14.25,14.65999985,15.17000008,15.40999985,15.34000015,15.47000027,15.25,14.61999989,14.27999973,13.77000046,13.22000027,12.78999996,12.56000042,12.26000023,11.64999962,,
Greece,"Employment in industry, female (% of female employment) (modeled ILO estimate)",13.30000019,12.35999966,12.38000011,12.13000011,11.63000011,11.14999962,11.02999973,10.43999958,9.909999847,9.840000153,9.850000381,9.380000114,8.640000343,7.820000172,7.5,7.409999847,7.5,7.5,7.96999979,8.140000343,8.170000076,7.730000019,7.829999924,,
Grenada,"Employment in industry, female (% of female employment) (modeled ILO estimate)",,,,,,,,,,,,,,,,,,,,,,,,,
Greenland,"Employment in industry, female (% of female employment) (modeled ILO estimate)",,,,,,,,,,,,,,,,,,,,,,,,,
Guatemala,"Employment in industry, female (% of female employment) (modeled ILO estimate)",24.72999954,24.62000084,24.48999977,24.32999992,24.42000008,24.22999954,24.10000038,20.11000061,20.35000038,20.62000084,21.62000084,22.48999977,23.15999985,24.02000046,19.5,15.47000027,14.10000038,17.26000023,17.70999908,18.47999954,17.17000008,17.19000053,17.06999969,,
Guam,"Employment in industry, female (% of female employment) (modeled ILO estimate)",3.329999924,3.329999924,3.329999924,3.309999943,3.359999895,3.390000105,3.400000095,3.400000095,3.400000095,3.460000038,3.480000019,3.529999971,3.609999895,3.619999886,3.579999924,3.630000114,3.619999886,3.599999905,3.579999924,3.559999943,3.539999962,3.539999962,3.539999962,,
Guyana,"Employment in industry, female (% of female employment) (modeled ILO estimate)",20.87000084,18.56999969,16.87000084,15.14999962,13.82999992,12.60999966,12.47000027,12.32999992,12.06000042,11.86999989,11.82999992,11.81999969,11.71000004,11.61999989,11.61999989,11.52999973,11.51000023,11.44999981,11.36999989,11.23999977,11.14999962,11.02999973,10.94999981,,
High income,"Employment in industry, female (% of female employment) (modeled ILO estimate)",17.0950174,16.60561878,16.14749016,15.82155496,15.32352956,14.71173637,14.26645012,13.91629371,13.4577858,13.21024777,13.08395294,12.66454099,11.70726092,11.38772163,11.44024809,11.33811773,11.34791619,11.26939567,11.18591382,11.08914593,11.15355133,11.15828492,11.07281896,,
"Hong Kong SAR, China","Employment in industry, female (% of female employment) (modeled ILO estimate)",14.39999962,12.59000015,11.73999977,10.43000031,9.850000381,9.159999847,8.149999619,7.25,6.53000021,6.309999943,5.880000114,5.260000229,5.059999943,4.789999962,4.579999924,4.400000095,4.25,4.110000134,3.960000038,3.849999905,3.690000057,3.549999952,3.430000067,,
Honduras,"Employment in industry, female (% of female employment) (modeled ILO estimate)",27.12999916,26.44000053,24.59000015,25.09000015,25.40999985,26.34000015,25.45999908,23.87000084,24.89999962,22.59000015,22.31999969,21.38999939,20.11000061,19.12999916,20.61000061,21.15999985,19.20000076,22.73999977,20.89999962,20.04000092,20.28000069,18.29000092,19.04000092,,
Heavily indebted poor countries (HIPC),"Employment in industry, female (% of female employment) (modeled ILO estimate)",6.440326976,6.404792643,6.364835822,6.306554126,6.30564965,6.367913825,6.411705377,6.345503654,6.40861655,6.48026436,6.532144589,6.614181876,6.714409102,6.798342887,6.93373284,7.088050214,7.097257968,7.43320032,7.660425241,7.649797228,7.749958823,7.715160309,7.744819788,,
Croatia,"Employment in industry, female (% of female employment) (modeled ILO estimate)",21.07999992,20.87000084,20.51000023,20.42000008,20.52000046,20.44000053,19.80999947,18.20999908,18.10000038,17.80999947,18.11000061,18.03000069,16.38999939,14.88000011,16.32999992,16.78000069,15.42000008,15.35999966,15.02999973,14.55000019,13.51000023,15.19999981,16.15999985,,
Haiti,"Employment in industry, female (% of female employment) (modeled ILO estimate)",2.890000105,2.880000114,2.809999943,2.74000001,2.670000076,2.609999895,2.559999943,2.50999999,2.480000019,2.450000048,2.430000067,2.380000114,2.329999924,2.230000019,2.220000029,2.170000076,2.140000105,2.119999886,2.099999905,2.059999943,2.019999981,2,2,,
Hungary,"Employment in industry, female (% of female employment) (modeled ILO estimate)",24.65999985,25.85000038,24.93000031,24.77000046,25.5,24.53000069,23.37999916,22.62999916,21.17000008,20.85000038,21.07999992,20.90999985,19.35000038,19.77000046,19.84000015,19.05999947,19.04999924,19.14999962,18.94000053,19.15999985,19.87999916,19.98999977,19.98999977,,
IBRD only,"Employment in industry, female (% of female employment) (modeled ILO estimate)",20.14469967,19.70289057,19.2673353,18.77103023,18.64392784,17.99648351,17.92241553,18.33044963,18.92752045,19.43414435,20.03633262,19.9781322,19.93747034,20.22460004,20.54698134,21.06924839,20.74331355,20.54649577,20.09319139,19.80569332,19.41557248,19.41184778,18.83315947,,
IDA & IBRD total,"Employment in industry, female (% of female employment) (modeled ILO estimate)",18.04449587,17.65795383,17.28130414,16.85125505,16.72619676,16.17160783,16.09825748,16.39916321,16.87559508,17.27648904,17.71547594,17.63290101,17.57655018,17.75097155,17.98269434,18.40250885,18.14360579,18.04854964,17.71544647,17.47120208,17.19108416,17.1906323,16.74840722,,
IDA total,"Employment in industry, female (% of female employment) (modeled ILO estimate)",8.472931464,8.444336039,8.442813334,8.405610029,8.423311283,8.390838501,8.435468595,8.380227938,8.44745334,8.561867151,8.468737568,8.494188198,8.60847088,8.610977616,8.688031055,8.85539661,8.954304459,9.36771553,9.610071991,9.631177113,9.892813403,10.05043325,10.13773883,,
IDA blend,"Employment in industry, female (% of female employment) (modeled ILO estimate)",12.34649413,12.06931565,11.89473369,11.5267201,11.27130652,10.90034221,10.72469418,10.41885604,10.3477502,10.35247951,9.913976276,9.805838258,9.905763039,9.596700308,9.503849236,9.714286381,9.919631821,10.32214928,10.67613816,10.58223062,10.85551827,11.07999035,11.21165284,,
Indonesia,"Employment in industry, female (% of female employment) (modeled ILO estimate)",16.09000015,15.35999966,15.13000011,14.97000027,16.12000084,15.77999973,15.15999985,14.21000004,15.90999985,15.35999966,15.02999973,14.57999992,14.42000008,14.94999981,15.06000042,15.77000046,15.72999954,15.43000031,15.76000023,16,16.65999985,16.97999954,16.67000008,,
IDA only,"Employment in industry, female (% of female employment) (modeled ILO estimate)",6.967046041,7.03042999,7.088200365,7.16828926,7.29136418,7.390325764,7.514845557,7.55311919,7.672172269,7.825332372,7.870586734,7.950979562,8.065721324,8.19664735,8.343614419,8.498600204,8.561417937,8.983227882,9.18358513,9.26075476,9.528295284,9.665458481,9.736641579,,
Isle of Man,"Employment in industry, female (% of female employment) (modeled ILO estimate)",,,,,,,,,,,,,,,,,,,,,,,,,
India,"Employment in industry, female (% of female employment) (modeled ILO estimate)",11.61999989,11.59000015,11.63000011,11.64999962,11.94999981,12.26000023,12.69999981,13.21000004,13.64999962,13.98999977,14.32999992,14.59000015,15.02999973,15.52999973,17.12000084,18.77000046,18.43000031,18.17000008,17.95000076,17.73999977,17.52000046,17.28000069,17.35000038,,
Not classified,"Employment in industry, female (% of female employment) (modeled ILO estimate)",,,,,,,,,,,,,,,,,,,,,,,,,
Ireland,"Employment in industry, female (% of female employment) (modeled ILO estimate)",17.20000076,16.37999916,15.44999981,15.30000019,14.71000004,13.46000004,13.05000019,13.22999954,11.89000034,11.39000034,10.60000038,9.770000458,9.239999771,8.649999619,8.659999847,8.75,8.760000229,8.43999958,8.520000458,8.960000038,8.739999771,8.489999771,8.840000153,,
"Iran, Islamic Rep.","Employment in industry, female (% of female employment) (modeled ILO estimate)",34.84999847,34.27999878,33.27999878,32.54000092,31.62999916,30.78000069,30.02000046,29.22999954,28.37999916,31.80999947,29.14999962,27.34000015,25.48999977,24.42000008,24.26000023,24.31999969,24.35000038,24.31999969,23.79999924,25.17000008,25.51000023,26.89999962,26.70000076,,
Iraq,"Employment in industry, female (% of female employment) (modeled ILO estimate)",18.95000076,19.32999992,19.12000084,18.70000076,18.64999962,18.25,17.87999916,17.70000076,17.47999954,17.42000008,17.19000053,17.14999962,17.14999962,17.09000015,17.04000092,17.14999962,17.15999985,16.90999985,16.70000076,16.85000038,16.57999992,16.27000046,16.18000031,,
Iceland,"Employment in industry, female (% of female employment) (modeled ILO estimate)",13.94999981,16.79999924,12.86999989,10.28999996,10.93000031,10.93999958,11.53999996,12.25,10.72000027,9.5,8.619999886,8.770000458,8.869999886,7.769999981,7.989999771,7.429999828,7.800000191,7.960000038,6.900000095,6.940000057,6.96999979,7.610000134,7.349999905,,
Israel,"Employment in industry, female (% of female employment) (modeled ILO estimate)",13.97999954,13.48999977,13.02000046,12.60000038,12.02000046,11.56000042,11.11999989,10.64000034,10.27999973,9.920000076,9.56000042,9.199999809,8.909999847,8.609999657,8.289999962,8.029999733,8.369999886,8.109999657,7.989999771,8.289999962,8.180000305,8.079999924,7.949999809,,
Italy,"Employment in industry, female (% of female employment) (modeled ILO estimate)",21.89999962,21.53000069,21.05999947,20.54000092,20.45000076,20.12000084,19.87999916,17.75,17.38999939,16.71999931,16.5,15.89000034,14.86999989,14.14999962,14.27999973,13.85000038,13.75,13.39000034,13.28999996,12.94999981,12.81000042,13.10000038,13.02000046,,
Jamaica,"Employment in industry, female (% of female employment) (modeled ILO estimate)",9.909999847,8.449999809,7.46999979,6.21999979,6.119999886,6.46999979,6.329999924,5.420000076,5.239999771,4.639999866,5.150000095,5.5,5.789999962,6.139999866,6.550000191,6.510000229,5.909999847,5.920000076,5.670000076,6.039999962,6.159999847,6.010000229,5.71999979,,
Jordan,"Employment in industry, female (% of female employment) (modeled ILO estimate)",13.78999996,13.64999962,13.47000027,13.28999996,13.07999992,12.98999977,15.01000023,17.35000038,17,16.78000069,16.71999931,16.42000008,16.10000038,15.68999958,15.35999966,14.97999954,14.55000019,14.23999977,13.93999958,13.67000008,13.43000031,13.18999958,12.97000027,,
Japan,"Employment in industry, female (% of female employment) (modeled ILO estimate)",24.25,22.77000046,22.12999916,21.55999947,20.77000046,19.73999977,18.94000053,18.15999985,17.56999969,17.20000076,16.87000084,16.46999931,15.31000042,14.81000042,14.52000046,14.38000011,14.35999966,14.38000011,14.47000027,14.21000004,14.14999962,14.14000034,13.89999962,,
Kazakhstan,"Employment in industry, female (% of female employment) (modeled ILO estimate)",10.10999966,9.880000114,9.850000381,9.729999542,9.729999542,9.699999809,10.17000008,10.39000034,10.89999962,11.52999973,11.97000027,11.52999973,11.10999966,11.43000031,11.43000031,11.60000038,12.18000031,11.85000038,11.48999977,11.61999989,11.61999989,11.71000004,11.82999992,,
Kenya,"Employment in industry, female (% of female employment) (modeled ILO estimate)",9.350000381,8.760000229,8.020000458,6.559999943,5.25,4.260000229,3.440000057,2.799999952,2.289999962,2.089999914,1.940000057,1.850000024,1.779999971,1.720000029,1.690000057,1.669999957,1.649999976,1.639999986,1.629999995,1.629999995,1.620000005,1.620000005,1.620000005,,
Kyrgyz Republic,"Employment in industry, female (% of female employment) (modeled ILO estimate)",9.989999771,10.21000004,8.369999886,7.239999771,7.050000191,7.429999828,9.899999619,10.90999985,10.26000023,10.73999977,10.86999989,10.88000011,10.93999958,11.10000038,11.23999977,11.36999989,11.03999996,11.64000034,10.78999996,11.35999966,12.90999985,13.85000038,14.86999989,,
Cambodia,"Employment in industry, female (% of female employment) (modeled ILO estimate)",7.690000057,8.06000042,8.770000458,9.720000267,12.72000027,12.93999958,13.10000038,13.48999977,13.77000046,14.05000019,14.27000046,15.13000011,16.04999924,16.45999908,16.94000053,17.63999939,18.60000038,23.61000061,24.29999924,24.39999962,24.52000046,25.60000038,26.29000092,,
Kiribati,"Employment in industry, female (% of female employment) (modeled ILO estimate)",,,,,,,,,,,,,,,,,,,,,,,,,
St. Kitts and Nevis,"Employment in industry, female (% of female employment) (modeled ILO estimate)",,,,,,,,,,,,,,,,,,,,,,,,,
"Korea, Rep.","Employment in industry, female (% of female employment) (modeled ILO estimate)",20.98999977,18.45999908,18.5,19.10000038,18.51000023,17.98999977,17.88999939,17.31999969,16.20000076,15.60999966,15.32999992,14.89999962,13.75,14.35000038,14.38000011,13.97000027,15.26000023,13.76000023,13.76000023,13.31999969,13.68999958,13.48999977,12.81000042,,
Kuwait,"Employment in industry, female (% of female employment) (modeled ILO estimate)",2.779999971,2.690000057,2.619999886,2.569999933,2.450000048,2.359999895,2.309999943,2.25999999,2.170000076,2.50999999,2.960000038,3.650000095,3.539999962,3.460000038,3.390000105,3.420000076,3.400000095,3.359999895,3.289999962,3.210000038,3.099999905,3.039999962,2.970000029,,
Latin America & Caribbean (excluding high income),"Employment in industry, female (% of female employment) (modeled ILO estimate)",15.72500522,15.35883304,15.26708986,15.1235371,14.73099948,14.38910773,14.21424444,14.06738271,14.09788119,13.8621561,13.89674982,13.98417966,13.40626349,13.08731846,12.76695421,12.9587054,12.57120999,12.51498588,12.44680349,12.08039541,12.18860499,12.28717329,11.96455479,,
Lao PDR,"Employment in industry, female (% of female employment) (modeled ILO estimate)",3.130000114,3.319999933,3.529999971,3.700000048,3.920000076,4.179999828,4.380000114,4.630000114,4.909999847,5.190000057,5.559999943,5.880000114,6.349999905,6.690000057,7.039999962,7.449999809,7.860000134,8.050000191,8.329999924,8.56000042,8.869999886,9.18999958,9.369999886,,
Lebanon,"Employment in industry, female (% of female employment) (modeled ILO estimate)",16.36000061,16.18000031,15.93000031,15.72000027,15.44999981,15.18999958,14.97000027,14.85999966,14.68000031,14.53999996,14.60000038,14.59000015,14.60999966,14.56999969,14.39999962,14.27000046,14.19999981,14.05000019,13.82999992,13.67000008,13.47999954,13.23999977,12.93000031,,
Liberia,"Employment in industry, female (% of female employment) (modeled ILO estimate)",5.409999847,5.429999828,5.440000057,5.409999847,5.650000095,5.659999847,5.760000229,5.710000038,5.610000134,5.539999962,5.5,5.480000019,5.440000057,5.409999847,5.369999886,5.329999924,5.289999962,5.260000229,5.210000038,5.239999771,5.190000057,5.130000114,5.159999847,,
Libya,"Employment in industry, female (% of female employment) (modeled ILO estimate)",21.54000092,21.43000031,21.17000008,20.89999962,20.59000015,20.20999908,20.18000031,20.02000046,19.97999954,19.89999962,19.85000038,19.72999954,19.71999931,19.59000015,18.87999916,18.57999992,18.13999939,17.47999954,17.02000046,16.73999977,16.96999931,17.10000038,16.96999931,,
St. Lucia,"Employment in industry, female (% of female employment) (modeled ILO estimate)",15.56999969,14,13.51000023,14.92000008,12.98999977,11.31999969,9.859999657,9.930000305,10.65999985,9.539999962,8.989999771,8.779999733,8.409999847,8.020000458,7.760000229,7.420000076,7.070000172,6.809999943,6.519999981,6.300000191,6.059999943,6.25,6.340000153,,
Latin America & Caribbean,"Employment in industry, female (% of female employment) (modeled ILO estimate)",15.54624428,15.17630276,15.04671014,14.88917207,14.50300509,14.15065589,13.96886231,13.83473872,13.84049001,13.62132339,13.65920992,13.72041954,13.15833751,12.83376194,12.52591532,12.69979495,12.3426575,12.27400086,12.19938428,11.83765746,11.91114514,11.97764731,11.69387623,,
Least developed countries: UN classification,"Employment in industry, female (% of female employment) (modeled ILO estimate)",6.141637571,6.225042846,6.318284058,6.434598166,6.574501461,6.669251829,6.786749827,6.834979141,6.934970936,7.111363782,7.165807936,7.27285677,7.417107709,7.590326737,7.744398585,7.924785501,8.012196097,8.279978211,8.338382219,8.408487268,8.656956227,8.764728958,8.812238148,,
Low income,"Employment in industry, female (% of female employment) (modeled ILO estimate)",6.536364891,6.426883766,6.44002411,6.308672458,6.29214533,6.255130096,6.248502184,6.10966193,6.076749774,6.066162987,6.082845495,6.206383318,6.325471449,6.436794551,6.595970027,6.785635729,6.820539564,6.939100238,6.906509542,6.915004337,6.954498489,6.817205926,6.865877032,,
Liechtenstein,"Employment in industry, female (% of female employment) (modeled ILO estimate)",,,,,,,,,,,,,,,,,,,,,,,,,
Sri Lanka,"Employment in industry, female (% of female employment) (modeled ILO estimate)",24.93000031,22.68000031,23.04999924,23.43000031,23.40999985,23.46999931,23.80999947,24.14999962,24.54999924,24.92000008,25.21999931,25.54000092,25.79999924,25.79999924,25.87999916,26.06999969,25.31999969,26.14999962,25.45000076,25.54999924,27.22999954,26.03000069,25.87000084,,
Lower middle income,"Employment in industry, female (% of female employment) (modeled ILO estimate)",12.2933986,12.08597134,12.11307058,12.03885034,12.32650546,12.36743862,12.47360837,12.5695414,12.97374296,13.16589639,13.10217652,13.07761794,13.16692895,13.31708596,13.64633119,14.22934837,14.13026545,14.25340898,14.49675419,14.6078916,14.87193096,15.04960787,15.13999634,,
Low & middle income,"Employment in industry, female (% of female employment) (modeled ILO estimate)",17.98719926,17.60347667,17.24166516,16.81337965,16.68939965,16.12103135,16.04851118,16.34180642,16.84046336,17.23671733,17.67566083,17.59892242,17.56042325,17.75268116,17.98614226,18.41611848,18.15098948,18.0498772,17.71428125,17.46542493,17.17268033,17.16574478,16.71694654,,
Lesotho,"Employment in industry, female (% of female employment) (modeled ILO estimate)",13.31000042,13.27000046,13.19999981,13.25,13.60999966,13.86999989,13.64000034,13.67000008,13.38000011,13.44999981,13.18999958,13.02999973,12.72999954,12.46000004,12.35000038,12.14000034,12.02999973,12.06999969,12.22000027,12.14999962,11.92000008,11.93000031,11.80000019,,
Late-demographic dividend,"Employment in industry, female (% of female employment) (modeled ILO estimate)",22.63807304,22.1308958,21.53373459,20.88056914,20.62484126,19.7205523,19.68200543,20.30151784,21.03606971,21.7118287,22.60068638,22.55481918,22.52456955,22.80547483,22.99563414,23.41964917,23.05790431,22.82812918,22.20599907,21.82341385,21.20391976,21.18229574,20.41997118,,
Lithuania,"Employment in industry, female (% of female employment) (modeled ILO estimate)",21.53000069,22.45000076,21.5,20.96999931,20.95000076,19.70999908,20.37999916,19.72999954,20.76000023,19.34000015,19.75,18.97999954,17.67000008,16.61000061,16.39999962,16.15999985,16.19000053,16.19000053,16.46999931,15.56999969,15.56999969,16.62000084,16.54999924,,
Luxembourg,"Employment in industry, female (% of female employment) (modeled ILO estimate)",6.599999905,6.760000229,6.929999828,6.380000114,6.659999847,6.550000191,6.110000134,6.539999962,5.789999962,5.190000057,5.550000191,6.360000134,4.130000114,4.960000038,4.21999979,3.940000057,4.289999962,4.239999771,4.400000095,4.670000076,3.309999943,4.110000134,4.329999924,,
Latvia,"Employment in industry, female (% of female employment) (modeled ILO estimate)",18.92000008,19.70999908,17.68000031,18.63999939,18.05999947,15.43000031,18.42000008,17.54999924,17.22999954,16.35000038,15.48999977,17.40999985,15.26000023,13.59000015,13.93000031,14.02000046,13.52999973,12.85000038,12.72999954,13.32999992,12.85000038,13.01000023,11.92000008,,
"Macao SAR, China","Employment in industry, female (% of female employment) (modeled ILO estimate)",13.18999958,12.73999977,12.11999989,10.81000042,12.09000015,11,9.899999619,8.899999619,8.590000153,7.449999809,5.389999866,5.940000057,4.449999809,3.75999999,3.450000048,3.319999933,3.25,4.059999943,4.090000153,3.49000001,2.559999943,2.390000105,2.299999952,,
St. Martin (French part),"Employment in industry, female (% of female employment) (modeled ILO estimate)",,,,,,,,,,,,,,,,,,,,,,,,,
Morocco,"Employment in industry, female (% of female employment) (modeled ILO estimate)",19.60000038,19.52000046,19.44000053,19.22999954,18.98999977,19.01000023,18.67000008,16.78000069,15.89000034,14.55000019,14.01000023,13.60999966,13.25,12.86999989,12.51000023,12.03999996,12.19999981,12.38000011,12.52000046,12.56999969,12.80000019,13.05000019,13.30000019,,
Monaco,"Employment in industry, female (% of female employment) (modeled ILO estimate)",,,,,,,,,,,,,,,,,,,,,,,,,
Moldova,"Employment in industry, female (% of female employment) (modeled ILO estimate)",11.39999962,10.89999962,10.18000031,10.30000019,10.27999973,10.78999996,11.97999954,11.60999966,11.47000027,12.46000004,12.35999966,13.52999973,13.25,12.31999969,12.28999996,12.76000023,12.31000042,12.35999966,11.75,11.98999977,12.51000023,13,14.98999977,,
Madagascar,"Employment in industry, female (% of female employment) (modeled ILO estimate)",8.899999619,8.609999657,8.300000191,7.730000019,6.760000229,6.300000191,6.019999981,3.180000067,1.629999995,2.109999895,2.700000048,3.410000086,4.309999943,5.289999962,6.409999847,7.639999866,7.920000076,8.210000038,8.470000267,8.710000038,8.760000229,8.880000114,8.930000305,,
Maldives,"Employment in industry, female (% of female employment) (modeled ILO estimate)",43.25999832,42.20000076,41,39.43000031,37.65000153,36.33000183,35.04000092,31.86000061,28.06999969,25.64999962,22.93000031,20.57999992,18.37999916,18.86000061,19.45999908,19.85000038,20.43000031,21.04000092,21.69000053,22.44000053,22.60000038,22.78000069,22.79000092,,
Middle East & North Africa,"Employment in industry, female (% of female employment) (modeled ILO estimate)",16.91928746,17.26887285,17.52273629,16.495618,17.25590062,17.40909013,16.39762892,16.1852441,15.67301744,16.17639389,15.042892,14.25331057,13.75353818,13.42863624,12.78659287,13.01796193,12.76712823,12.58526147,12.80630735,13.29547094,13.69706209,14.36711964,14.11371894,,
Mexico,"Employment in industry, female (% of female employment) (modeled ILO estimate)",20.56999969,20.36000061,21.19000053,22.12000084,21.87999916,21.15999985,20.48999977,19.95999908,19.38999939,18.86000061,18.17000008,17.53000069,16.32999992,16.27000046,16.12000084,16.03000069,16.36000061,16.70000076,16.85000038,17.20000076,17.62999916,17.80999947,17.05999947,,
Marshall Islands,"Employment in industry, female (% of female employment) (modeled ILO estimate)",,,,,,,,,,,,,,,,,,,,,,,,,
Middle income,"Employment in industry, female (% of female employment) (modeled ILO estimate)",18.96471162,18.56430663,18.17792274,17.73092657,17.60769032,17.00397727,16.93684476,17.28038579,17.83894765,18.28655175,18.77773304,18.70403991,18.67013972,18.89067043,19.15386743,19.63119385,19.35935012,19.25575734,18.90942547,18.65818085,18.35210073,18.38566197,17.89967898,,
North Macedonia,"Employment in industry, female (% of female employment) (modeled ILO estimate)",31.92000008,31.59000015,31.36000061,31.04999924,30.11000061,29.59000015,30.69000053,30.17000008,29.70999908,29.26000023,28.68000031,28.12999916,26.92000008,26.21999931,25.46999931,24.47999954,25.75,26.04999924,24.45000076,25.05999947,24.70999908,26.73999977,26.19000053,,
Mali,"Employment in industry, female (% of female employment) (modeled ILO estimate)",6.900000095,6.869999886,6.860000134,6.889999866,6.889999866,6.889999866,6.809999943,6.809999943,6.800000191,6.869999886,6.800000191,6.769999981,6.809999943,6.760000229,6.710000038,6.630000114,6.590000153,6.730000019,6.03000021,4.46999979,7.099999905,5.420000076,5.269999981,,
Malta,"Employment in industry, female (% of female employment) (modeled ILO estimate)",26.82999992,26.25,25.62000084,24.62999916,22.68000031,21.94000053,18.57999992,17,16.97999954,15.43000031,13.59000015,11.23999977,12.44999981,13.18999958,12.68999958,10.88000011,11.53999996,10.27999973,8.420000076,8.380000114,9.449999809,8.859999657,8.770000458,,
Myanmar,"Employment in industry, female (% of female employment) (modeled ILO estimate)",13.97000027,14.28999996,14.43999958,14.81999969,14.85999966,15.10000038,15.40999985,15.65999985,15.77999973,15.89999962,15.78999996,15.75,15.64999962,15.56999969,15.31999969,15.09000015,14.89000034,14.72000027,14.5,14.96000004,15.38000011,16.95000076,16.95999908,,
Middle East & North Africa (excluding high income),"Employment in industry, female (% of female employment) (modeled ILO estimate)",18.59774232,19.07605703,19.38337823,18.12401661,19.10178609,19.37190562,18.20384738,18.00576585,17.49413351,18.23145204,16.88860063,16.13794696,15.59413763,15.41462539,14.81963467,15.18200471,14.8799352,14.75015549,15.09727823,15.66251287,16.17929718,17.2798691,17.3943496,,
Montenegro,"Employment in industry, female (% of female employment) (modeled ILO estimate)",16.40999985,16.43000031,15.86999989,15.72000027,15.30000019,14.72000027,14.76000023,11.35000038,9.170000076,9.159999847,10.05000019,9.930000305,9.340000153,9.319999695,9.529999733,8.449999809,7.769999981,7.570000172,8.020000458,7.800000191,7.179999828,7.760000229,7.829999924,,
Mongolia,"Employment in industry, female (% of female employment) (modeled ILO estimate)",13.21000004,12.44999981,12.23999977,11.15999985,10.72999954,13.11999989,9.729999542,13.60000038,14.64999962,15.13000011,10.63000011,11.52999973,10.81999969,11.61999989,11.94999981,11.43000031,13.68999958,13.64000034,12.90999985,12.60000038,11.97000027,13.43999958,14.43000031,,
Northern Mariana Islands,"Employment in industry, female (% of female employment) (modeled ILO estimate)",,,,,,,,,,,,,,,,,,,,,,,,,
Mozambique,"Employment in industry, female (% of female employment) (modeled ILO estimate)",0.300000012,0.300000012,0.310000002,0.310000002,0.330000013,0.349999994,0.370000005,0.409999996,0.460000008,0.529999971,0.610000014,0.720000029,0.850000024,1.00999999,1.210000038,1.450000048,1.74000001,2.119999886,2.569999933,2.769999981,2.950000048,3.109999895,3.220000029,,
Mauritania,"Employment in industry, female (% of female employment) (modeled ILO estimate)",19.82999992,19.47999954,19.40999985,19.12000084,19.04999924,19.04999924,18.77000046,18.71999931,18.45000076,17.90999985,18.02000046,18.07999992,18.15999985,18.02000046,18,18.02000046,17.90999985,17.87999916,17.79999924,17.70000076,17.75,17.56999969,17.43000031,,
Mauritius,"Employment in industry, female (% of female employment) (modeled ILO estimate)",43.77000046,44.27999878,44.58000183,43.49000168,37.52000046,36.06999969,31.67000008,31.22999954,28.87999916,27.34000015,26.29999924,25.37999916,23.59000015,21.48999977,20.95000076,20.05999947,19.34000015,18.59000015,17.84000015,17.07999992,16.36000061,15.68999958,15.13000011,,
Malawi,"Employment in industry, female (% of female employment) (modeled ILO estimate)",3.829999924,3.819999933,3.789999962,3.75,3.670000076,3.599999905,3.539999962,3.450000048,3.369999886,3.349999905,3.289999962,3.230000019,3.180000067,3.130000114,3.119999886,3.099999905,3.069999933,3.039999962,3.00999999,2.970000029,2.940000057,2.910000086,2.859999895,,
Malaysia,"Employment in industry, female (% of female employment) (modeled ILO estimate)",29.81999969,28.27000046,28.71999931,28.88999939,29.69000053,27.27000046,26.86000061,24.85000038,24.37999916,24.72999954,22.52000046,22.04000092,19.89999962,20.28000069,20.65999985,19.79000092,19.92000008,19.61000061,19.27000046,19.98999977,20.65999985,20.29999924,20.04999924,,
North America,"Employment in industry, female (% of female employment) (modeled ILO estimate)",13.39416915,13.13991325,12.87202763,12.58654762,11.83138233,11.01523021,10.81936332,10.54137384,10.30755168,10.09301258,10.07596203,9.611811026,8.690601049,8.468867509,8.749046436,8.778081913,8.809837548,8.832083535,8.798998912,8.687884477,8.684491157,8.744404498,8.811890257,,
Namibia,"Employment in industry, female (% of female employment) (modeled ILO estimate)",7.920000076,7.550000191,7.119999886,6.739999771,7.210000038,7.820000172,8.600000381,9.380000114,8.779999733,8.180000305,7.579999924,6.96999979,6.539999962,6.050000191,5.610000134,5.21999979,5.199999809,5.190000057,6.050000191,7.059999943,7.360000134,7.630000114,7.889999866,,
New Caledonia,"Employment in industry, female (% of female employment) (modeled ILO estimate)",9.130000114,9.130000114,8.989999771,8.789999962,8.609999657,8.430000305,8.199999809,7.940000057,7.800000191,7.739999771,7.889999866,8.06000042,7.989999771,7.869999886,7.909999847,7.920000076,7.909999847,7.739999771,7.699999809,7.650000095,7.559999943,7.5,7.46999979,,
Niger,"Employment in industry, female (% of female employment) (modeled ILO estimate)",12.15999985,12.06999969,11.93000031,11.71000004,11.56999969,11.39000034,11.21000004,11.02000046,10.85000038,10.69999981,10.52000046,10.39000034,10.22999954,10.11999989,9.989999771,10,9.899999619,9.819999695,9.68999958,9.630000114,9.529999733,9.449999809,9.350000381,,
Nigeria,"Employment in industry, female (% of female employment) (modeled ILO estimate)",13.42000008,13.18999958,13.02000046,12.67000008,12.48999977,12.06000042,11.86999989,11.43999958,11.47999954,11.46000004,11.43999958,11.39000034,11.27999973,11.03999996,10.85000038,11.60999966,12.36999989,12.47999954,12.53999996,12.72000027,12.81000042,12.81000042,12.86999989,,
Nicaragua,"Employment in industry, female (% of female employment) (modeled ILO estimate)",17.43000031,17.28000069,17.25,17.18000031,17.20999908,17.10000038,16.85000038,16.55999947,19.02000046,17.78000069,19.43000031,18.76000023,17.44000053,16.72999954,16.14999962,15.5,14.77999973,14.11999989,13.89999962,13.63000011,13.36999989,12.77999973,12.28999996,,
Netherlands,"Employment in industry, female (% of female employment) (modeled ILO estimate)",9.43999958,10.06000042,9.710000038,9.460000038,8.930000305,8.899999619,8.25,8.079999924,8.640000343,8.229999542,7.800000191,7.590000153,7.21999979,6.650000095,6.429999828,6.440000057,6.119999886,6,6.050000191,6.179999828,6.179999828,6.300000191,6.260000229,,
Norway,"Employment in industry, female (% of female employment) (modeled ILO estimate)",10.03999996,9.659999847,9.529999733,9.369999886,9.239999771,8.859999657,8.75,8.329999924,8.050000191,7.900000095,8.050000191,7.920000076,7.090000153,7.019999981,7.460000038,7.510000229,7.389999866,7.429999828,7.210000038,6.940000057,6.789999962,7,6.869999886,,
Nepal,"Employment in industry, female (% of female employment) (modeled ILO estimate)",3.650000095,4.269999981,5.039999962,5.46999979,5.75,5.949999809,6.139999866,6.300000191,6.409999847,6.460000038,6.519999981,6.690000057,6.849999905,7.070000172,7.269999981,7.480000019,7.679999828,7.940000057,8.119999886,8.119999886,8.329999924,8.5,8.619999886,,
Nauru,"Employment in industry, female (% of female employment) (modeled ILO estimate)",,,,,,,,,,,,,,,,,,,,,,,,,
New Zealand,"Employment in industry, female (% of female employment) (modeled ILO estimate)",13.21000004,13.28999996,12.25,12.27000046,12.01000023,11.67000008,11.52999973,11.80000019,10.94999981,10.89000034,10.47999954,10.81999969,9.789999962,9.710000038,9.31000042,9.100000381,9.140000343,9.539999962,10,8.960000038,9.399999619,9.289999962,8.93999958,,
OECD members,"Employment in industry, female (% of female employment) (modeled ILO estimate)",17.04785705,16.62054302,16.25179514,16.0092776,15.52398593,14.86289098,14.42925554,14.03335147,13.62573078,13.37002942,13.21968008,12.80381749,11.88393,11.66347311,11.72405386,11.63974572,11.65459776,11.66049718,11.59414754,11.50245833,11.60680966,11.69179944,11.56619303,,
Oman,"Employment in industry, female (% of female employment) (modeled ILO estimate)",8.100000381,9.640000343,11.39000034,13.60000038,13.42000008,13.03999996,12.61999989,12.27000046,11.93999958,11.68999958,11.44999981,11.27000046,8.270000458,6.039999962,5.840000153,5.53000021,5.090000153,4.789999962,4.630000114,4.510000229,4.360000134,4.199999809,4.099999905,,
Other small states,"Employment in industry, female (% of female employment) (modeled ILO estimate)",15.01836076,14.69490806,14.19960719,13.97515303,13.86282196,13.58774867,13.07015528,13.10400603,12.48810629,11.87990054,11.62235923,11.40294693,10.93786254,10.47539212,10.38126768,10.06377913,9.869484929,9.753386897,9.751750294,9.744977534,9.656892294,9.511700702,9.471181231,,
Pakistan,"Employment in industry, female (% of female employment) (modeled ILO estimate)",15.61999989,15.60999966,15.59000015,15.59000015,15.56000042,15.52000046,15.64999962,15.35999966,15.06000042,14.86999989,12.47000027,12.01000023,12.56999969,11.51000023,11.42000008,11.27000046,11.13000011,12.94999981,14.51000023,14.06000042,15.23999977,16.46999931,16.81999969,,
Panama,"Employment in industry, female (% of female employment) (modeled ILO estimate)",11.39999962,10.73999977,10.44999981,9.239999771,9.369999886,9.5,8.729999542,8.920000076,9.130000114,8.81000042,9.699999809,10.34000015,10.14000034,9.670000076,9.449999809,8.640000343,10.30000019,10.25,9.539999962,10.14000034,9.710000038,9.840000153,9.5,,
Peru,"Employment in industry, female (% of female employment) (modeled ILO estimate)",10.31999969,10.09000015,9.75,9.460000038,9.390000343,9.25,7.460000038,8.390000343,8.930000305,9.229999542,10.35999966,10.64999962,10.22000027,10.06999969,9.789999962,9.920000076,9.81000042,9.159999847,9.010000229,9.090000153,8.890000343,8.739999771,8.279999733,,
Philippines,"Employment in industry, female (% of female employment) (modeled ILO estimate)",12.68000031,12.52000046,12.57999992,13.02999973,12.39000034,11.77999973,11.64999962,11.5,11.35999966,11.19999981,11.03999996,10.84000015,10.57999992,10.48999977,10.22999954,10.06999969,10.13000011,10.09000015,10,9.949999809,9.890000343,9.829999924,9.699999809,,
Palau,"Employment in industry, female (% of female employment) (modeled ILO estimate)",,,,,,,,,,,,,,,,,,,,,,,,,
Papua New Guinea,"Employment in industry, female (% of female employment) (modeled ILO estimate)",1.169999957,1.190000057,1.210000038,1.25999999,1.320000052,1.379999995,1.450000048,1.539999962,1.639999986,1.789999962,1.950000048,2.059999943,2.24000001,2.470000029,2.710000038,2.960000038,3.650000095,3.799999952,3.940000057,4.070000172,4.349999905,4.820000172,5.119999886,,
Poland,"Employment in industry, female (% of female employment) (modeled ILO estimate)",20.37000084,19.87999916,19.39999962,18.82999992,18.52000046,17.28000069,17.42000008,17.68000031,17.10000038,17.44000053,17.80999947,17.81999969,16.75,16.12999916,16.51000023,16.09000015,16.09000015,16.45999908,16.43000031,16.81999969,17.18000031,17.37000084,17.48999977,,
Pre-demographic dividend,"Employment in industry, female (% of female employment) (modeled ILO estimate)",7.244451764,7.158767677,7.068781542,6.868520191,6.744777882,6.586785721,6.502160262,6.289380673,6.255031907,6.340736275,6.406260282,6.450666401,6.544248629,6.604492933,6.686467599,6.948487395,7.108965252,7.191205199,7.184236775,7.146468125,7.1622277,7.09372766,7.107635175,,
Puerto Rico,"Employment in industry, female (% of female employment) (modeled ILO estimate)",15.05000019,14.07999992,14.48999977,14.65999985,13.78999996,11.93999958,11.60000038,10.82999992,10.89000034,11.21000004,10.18000031,9.670000076,9.56000042,9.359999657,9.090000153,8.869999886,8.680000305,8.510000229,8.319999695,8.170000076,8.039999962,7.880000114,7.869999886,,
"Korea, Dem. People's Rep.","Employment in industry, female (% of female employment) (modeled ILO estimate)",15.02000046,14.31999969,14.63000011,14.02000046,13.97000027,13.5,13.07999992,12.80000019,12.78999996,12.06000042,11.38000011,11.43000031,10.89000034,10.44999981,10.25,10.07999992,9.869999886,9.670000076,9.239999771,9.409999847,8.75,8.050000191,8.329999924,,
Portugal,"Employment in industry, female (% of female employment) (modeled ILO estimate)",20.26000023,24.30999947,23.39999962,22.53000069,22.17000008,21.09000015,20.65999985,19.37999916,18.44000053,18.63999939,18.10000038,16.62000084,16.02000046,15.94999981,15.78999996,14.81999969,14.75,14.98999977,15.23999977,15.14999962,15.27999973,15.35999966,15.01000023,,
Paraguay,"Employment in industry, female (% of female employment) (modeled ILO estimate)",11.52999973,11.23999977,11.01000023,10.76000023,10.35999966,10.05000019,10.14000034,11.22999954,9.210000038,8.640000343,8.770000458,9.550000191,10.31000042,8.68999958,8.859999657,8.430000305,8.050000191,8.93999958,9.640000343,8.369999886,8.649999619,8.140000343,8.68999958,,
West Bank and Gaza,"Employment in industry, female (% of female employment) (modeled ILO estimate)",12.36999989,12.43000031,12.21000004,11.43999958,10.42000008,8.479999542,7.860000134,8.350000381,8.550000191,8.960000038,9.890000343,9.210000038,8.460000038,7.849999905,8.350000381,8.850000381,10.22999954,10.56000042,11.64000034,11.78999996,11.84000015,9.619999886,7.71999979,,
Pacific island small states,"Employment in industry, female (% of female employment) (modeled ILO estimate)",13.54082306,13.37519094,13.27018225,12.90660949,12.59687088,12.28399938,11.98880351,11.76663724,11.48333789,11.33583831,11.06108434,10.85579326,10.62000618,10.61996367,10.42952201,10.13434321,9.996362169,9.829668652,9.86954837,9.867479932,9.886416874,9.965283901,10.11339841,,
Post-demographic dividend,"Employment in industry, female (% of female employment) (modeled ILO estimate)",16.88923511,16.41390616,15.98807976,15.64968094,15.13942532,14.50627048,14.05076322,13.63389566,13.23610713,12.97422575,12.85934092,12.42898267,11.52623174,11.25316695,11.29335627,11.21840942,11.16574981,11.06924173,10.96050579,10.8319779,10.86974529,10.89271593,10.83384771,,
French Polynesia,"Employment in industry, female (% of female employment) (modeled ILO estimate)",9.529999733,9.25,8.960000038,8.630000114,8.5,8.270000458,7.989999771,7.630000114,7.369999886,7.079999924,6.820000172,6.659999847,6.510000229,6.340000153,6.190000057,6.070000172,5.949999809,5.849999905,5.769999981,5.690000057,5.610000134,5.539999962,5.489999771,,
Qatar,"Employment in industry, female (% of female employment) (modeled ILO estimate)",2.019999981,2.25,2.5,2.859999895,3.319999933,3.289999962,3.289999962,3.24000001,3.539999962,3.890000105,5.099999905,4.28000021,6.619999886,5.179999828,4.019999981,4.21999979,4.360000134,5.130000114,5.909999847,6.46999979,6.489999771,6.25,6.159999847,,
Romania,"Employment in industry, female (% of female employment) (modeled ILO estimate)",23.20999908,22.13999939,20.71999931,20.34000015,20.86000061,24.40999985,24.04000092,26.02000046,24.77000046,25.29999924,24.65999985,23.84000015,21.94000053,19.89999962,19.87000084,19.97999954,20.07999992,20.67000008,20,21.02000046,21.69000053,21.45000076,20.92000008,,
Russian Federation,"Employment in industry, female (% of female employment) (modeled ILO estimate)",23.28000069,22.65999985,22.20999908,22.29999924,23.26000023,23.01000023,22.20000076,21.44000053,20.71999931,20.14999962,20.15999985,18.77000046,17.78000069,17.67000008,17.05999947,17.05999947,16.87999916,16.54000092,16.05999947,16,15.78999996,15.73999977,15.44999981,,
Rwanda,"Employment in industry, female (% of female employment) (modeled ILO estimate)",0.610000014,0.610000014,0.610000014,0.620000005,0.649999976,0.680000007,0.779999971,0.879999995,1,1.120000005,1.24000001,1.399999976,1.620000005,1.840000033,2.109999895,2.420000076,2.460000038,2.670000076,2.670000076,2.700000048,2.720000029,2.710000038,2.74000001,,
South Asia,"Employment in industry, female (% of female employment) (modeled ILO estimate)",11.32261466,11.34695358,11.42913726,11.52380568,11.79203655,12.08128996,12.50698132,12.9700162,13.39189728,13.73279207,13.84218637,14.01166072,14.38484369,14.6556928,15.8138983,16.9782895,16.7759277,16.83849637,16.90127851,16.78500068,16.92768859,16.91670637,17.08260504,,
Saudi Arabia,"Employment in industry, female (% of female employment) (modeled ILO estimate)",1.870000005,1.820000052,1.75999999,1.470000029,1.100000024,1.230000019,1.149999976,1.080000043,1.039999962,1.029999971,1.370000005,1.279999971,1.440000057,1.50999999,1.620000005,1.720000029,1.860000014,1.659999967,1.559999943,2.049999952,2.130000114,2.190000057,2.109999895,,
Sudan,"Employment in industry, female (% of female employment) (modeled ILO estimate)",3.440000057,3.440000057,3.440000057,3.440000057,3.450000048,3.49000001,3.49000001,3.50999999,3.559999943,3.599999905,3.680000067,3.769999981,3.779999971,3.819999933,3.910000086,4.059999943,4.139999866,4.210000038,4.340000153,4.46999979,4.659999847,4.639999866,4.690000057,,
Senegal,"Employment in industry, female (% of female employment) (modeled ILO estimate)",7.590000153,7.480000019,7.360000134,7.230000019,7.239999771,7.179999828,7.050000191,6.960000038,6.849999905,6.730000019,6.619999886,6.539999962,6.46999979,6.360000134,6.28000021,6.150000095,6.039999962,5.889999866,5.75,5.659999847,5.559999943,5.480000019,5.420000076,,
Singapore,"Employment in industry, female (% of female employment) (modeled ILO estimate)",26.79999924,25.40999985,25.03000069,22.97999954,21.09000015,20.82999992,20.65999985,19.75,17.57999992,17.39999962,17.81999969,17.18000031,16.45999908,15.35000038,14.48999977,14.53999996,14.60000038,12.35000038,12.22000027,11.88000011,11.59000015,11.31999969,10.97999954,,
Solomon Islands,"Employment in industry, female (% of female employment) (modeled ILO estimate)",2.24000001,2.319999933,2.380000114,2.309999943,2.359999895,2.309999943,2.380000114,2.50999999,2.700000048,2.869999886,3.039999962,3.25,3.289999962,3.519999981,3.700000048,3.880000114,4.110000134,4.289999962,4.539999962,4.710000038,4.940000057,5.230000019,5.5,,
Sierra Leone,"Employment in industry, female (% of female employment) (modeled ILO estimate)",2.269999981,2.269999981,2.289999962,2.329999924,2.359999895,2.410000086,2.460000038,2.549999952,2.359999895,2.210000038,2.069999933,1.960000038,1.870000005,1.75999999,1.679999948,1.559999943,1.440000057,1.370000005,1.5,1.50999999,1.529999971,1.539999962,1.529999971,,
El Salvador,"Employment in industry, female (% of female employment) (modeled ILO estimate)",25.5,25.03000069,24.27000046,24.32999992,22.14999962,23.53000069,21.88999939,21.67000008,20.09000015,19,20.34000015,20.59000015,18.30999947,18.42000008,18.75,18.38999939,17.51000023,17.96999931,19.5,17.07999992,18.06999969,17.84000015,17.67000008,,
San Marino,"Employment in industry, female (% of female employment) (modeled ILO estimate)",,,,,,,,,,,,,,,,,,,,,,,,,
Somalia,"Employment in industry, female (% of female employment) (modeled ILO estimate)",0.959999979,0.939999998,0.920000017,0.899999976,0.889999986,0.870000005,0.860000014,0.860000014,0.850000024,0.850000024,0.800000012,0.810000002,0.810000002,0.819999993,0.819999993,0.819999993,0.819999993,0.810000002,0.810000002,0.800000012,0.800000012,0.800000012,0.790000021,,
Serbia,"Employment in industry, female (% of female employment) (modeled ILO estimate)",19.70999908,19.52000046,18.98999977,19.21999931,19.25,18.92000008,18.79999924,18.42000008,17.48999977,18.63999939,19.63999939,16.03000069,15.51000023,16.02000046,16.54999924,17.12000084,17.12999916,16.98999977,16.90999985,16.29999924,16.93000031,18.64999962,18.95999908,,
Sub-Saharan Africa (excluding high income),"Employment in industry, female (% of female employment) (modeled ILO estimate)",7.837335325,7.743060131,7.649007223,7.483400643,7.372069951,7.208925743,7.161398893,7.016105241,6.978768863,7.028229593,7.04034004,7.081752522,7.112940414,7.110133215,7.145664871,7.291789273,7.388341458,7.548494278,7.678090466,7.660096507,7.716641962,7.662554052,7.700021998,,
South Sudan,"Employment in industry, female (% of female employment) (modeled ILO estimate)",7.230000019,7.260000229,7.28000021,7.329999924,7.420000076,7.510000229,7.610000134,7.690000057,7.789999962,7.940000057,8.109999657,8.239999771,8.199999809,8.319999695,8.390000343,8.449999809,9.18999958,8.890000343,8.180000305,8.109999657,8.079999924,8.579999924,8.680000305,,
Sub-Saharan Africa,"Employment in industry, female (% of female employment) (modeled ILO estimate)",7.837335325,7.743060131,7.649007223,7.483400643,7.372069951,7.208925743,7.161398893,7.016105241,6.978768863,7.028229593,7.04034004,7.081752522,7.112940414,7.110133215,7.145664871,7.291789273,7.388341458,7.548494278,7.678090466,7.660096507,7.716641962,7.662554052,7.700021998,,
Small states,"Employment in industry, female (% of female employment) (modeled ILO estimate)",14.03695883,13.63342576,13.14649299,12.8429735,12.66804553,12.49343703,12.0299718,12.03168981,11.5980575,11.06940063,10.88450227,10.76384941,10.40147196,10.09867055,10.01558566,9.743204367,9.544114455,9.426315662,9.405314481,9.404362949,9.330263035,9.209691548,9.146793948,,
Sao Tome and Principe,"Employment in industry, female (% of female employment) (modeled ILO estimate)",4.699999809,4.650000095,4.630000114,4.630000114,4.389999866,4.429999828,4.269999981,4.349999905,3.75999999,3.690000057,3.690000057,3.690000057,3.769999981,3.700000048,3.660000086,3.609999895,3.549999952,3.450000048,3.410000086,3.380000114,3.339999914,3.299999952,3.25,,
Suriname,"Employment in industry, female (% of female employment) (modeled ILO estimate)",5.28000021,9.770000458,9.18999958,8.930000305,8.779999733,8.600000381,8.609999657,8.680000305,8.5,8.470000267,8.449999809,8.409999847,8.340000153,8.350000381,8.399999619,8.340000153,8.319999695,8.18999958,8.069999695,7.75,7.699999809,7.650000095,7.539999962,,
Slovak Republic,"Employment in industry, female (% of female employment) (modeled ILO estimate)",27.31999969,26.92000008,26.10000038,25.46999931,24.72999954,26.19000053,25.57999992,26.36000061,25.23999977,24.78000069,24.29999924,24.42000008,22.18000031,21.10000038,21.36000061,20.94000053,19.23999977,19.95999908,20.76000023,21.15999985,21.31999969,20.60000038,20.26000023,,
Slovenia,"Employment in industry, female (% of female employment) (modeled ILO estimate)",30.46999931,29.89999962,27.75,28.30999947,28.93000031,28.64999962,26.06999969,25.37000084,25.36000061,23.64999962,22.97999954,22.68000031,21.70000076,20.53000069,18.31999969,18.23999977,18.29999924,17.86000061,18.21999931,19.13999939,19.03000069,20.39999962,20.51000023,,
Sweden,"Employment in industry, female (% of female employment) (modeled ILO estimate)",11.85000038,12.90999985,11.68000031,11.47999954,11.15999985,10.32999992,9.899999619,9.670000076,9.31000042,9.279999733,9.109999657,8.260000229,7.690000057,7.630000114,7.579999924,7.75,7.760000229,7.199999809,6.909999847,6.960000038,7.110000134,7.159999847,7.139999866,,
Eswatini,"Employment in industry, female (% of female employment) (modeled ILO estimate)",30.78000069,30.42000008,29.98999977,29.79000092,29.45000076,28.94000053,28.39999962,28.07999992,27.64999962,27.21999931,26.88999939,26.54999924,26.31999969,25.75,25.35000038,24.95000076,24.43000031,24.20999908,23.96999931,23.54000092,23,22.52000046,22.17000008,,
Sint Maarten (Dutch part),"Employment in industry, female (% of female employment) (modeled ILO estimate)",,,,,,,,,,,,,,,,,,,,,,,,,
Seychelles,"Employment in industry, female (% of female employment) (modeled ILO estimate)",,,,,,,,,,,,,,,,,,,,,,,,,
Syrian Arab Republic,"Employment in industry, female (% of female employment) (modeled ILO estimate)",9.890000343,9.68999958,9.75,7.369999886,7.630000114,7.920000076,8.149999619,8.069999695,7.960000038,7.949999809,7.769999981,8.43999958,8.81000042,9.270000458,9.619999886,8.949999809,8.350000381,8.109999657,8.050000191,8.050000191,8.069999695,8.18999958,8.270000458,,
Turks and Caicos Islands,"Employment in industry, female (% of female employment) (modeled ILO estimate)",,,,,,,,,,,,,,,,,,,,,,,,,
Chad,"Employment in industry, female (% of female employment) (modeled ILO estimate)",0.660000026,0.639999986,0.639999986,0.639999986,0.639999986,0.629999995,0.629999995,0.600000024,0.589999974,0.600000024,0.600000024,0.600000024,0.620000005,0.629999995,0.589999974,0.589999974,0.589999974,0.579999983,0.569999993,0.579999983,0.579999983,0.550000012,0.540000021,,
East Asia & Pacific (IDA & IBRD countries),"Employment in industry, female (% of female employment) (modeled ILO estimate)",22.49674812,21.98493603,21.39720401,20.75284841,20.56406547,19.58740975,19.56792073,20.25527508,21.30809478,22.13109756,23.07483846,23.07156063,23.1814903,23.63220902,23.91087545,24.39982351,24.09096551,23.88202883,23.29564105,22.93226666,22.33579925,22.36841444,21.52994086,,
Europe & Central Asia (IDA & IBRD countries),"Employment in industry, female (% of female employment) (modeled ILO estimate)",20.28364549,19.77389097,19.34969665,19.12826595,19.39516216,19.34301455,18.9501122,18.73021619,18.27780034,18.00114759,18.0016354,17.30928615,16.55729248,16.34534427,16.04784898,15.98872974,15.8076222,15.92348405,15.47681271,15.54044801,15.52116606,15.62950969,15.54869512,,
Togo,"Employment in industry, female (% of female employment) (modeled ILO estimate)",15.96000004,15.68999958,15.52000046,15.51000023,15.31000042,15.13000011,14.85999966,14.60999966,14.47999954,14.30000019,14.21000004,13.98999977,13.89999962,13.73999977,13.60000038,13.47000027,13.47999954,13.39999962,14.97000027,16.56999969,18.11000061,17.96999931,17.78000069,,
Thailand,"Employment in industry, female (% of female employment) (modeled ILO estimate)",16.86000061,15.81000042,16.96999931,17.30999947,18.40999985,19.18000031,20.02000046,20.80999947,22.18000031,20.35000038,20.29999924,19.5,18.76000023,18.20999908,16.77000046,17.5,17.56999969,20.60000038,20.79000092,20.52000046,19.87000084,19.96999931,19.76000023,,
Tajikistan,"Employment in industry, female (% of female employment) (modeled ILO estimate)",5.340000153,5.070000172,4.940000057,4.78000021,4.679999828,4.610000134,4.559999943,4.53000021,4.559999943,4.610000134,4.679999828,4.800000191,5.010000229,5.139999866,5.309999943,5.460000038,5.639999866,5.869999886,6.150000095,6.449999809,6.78000021,7.119999886,7.369999886,,
Turkmenistan,"Employment in industry, female (% of female employment) (modeled ILO estimate)",38.81999969,38.59000015,37.86999893,37.00999832,36.61999893,35.81000137,35.16999817,34.72999954,34.38000107,34.08000183,34.15999985,33.29999924,33.31999969,33.50999832,33.41999817,33.61000061,33.86999893,34.15999985,34.59999847,34.95000076,35.40000153,35.86999893,36.34999847,,
Latin America & the Caribbean (IDA & IBRD countries),"Employment in industry, female (% of female employment) (modeled ILO estimate)",15.55475081,15.20500159,15.09060728,14.92721803,14.5419157,14.19893513,14.01896118,13.88950798,13.89571689,13.6699525,13.71688535,13.79201657,13.21808767,12.88713313,12.56162899,12.71263389,12.38683723,12.32572066,12.24919798,11.88209836,11.96140986,12.03048564,11.7418398,,
Timor-Leste,"Employment in industry, female (% of female employment) (modeled ILO estimate)",5.25,4.860000134,4.510000229,5.860000134,6.369999886,8.079999924,4.590000153,4.420000076,4.489999771,4.75,5.739999771,6.559999943,7.230000019,6.739999771,6.570000172,6.710000038,6.519999981,6.690000057,6.789999962,6.960000038,6.639999866,6.829999924,7.570000172,,
Middle East & North Africa (IDA & IBRD countries),"Employment in industry, female (% of female employment) (modeled ILO estimate)",18.64092846,19.12248379,19.43213084,18.16958451,19.14827193,19.43067484,18.26951517,18.06746821,17.54910761,18.29409572,16.93959825,16.18756995,15.64498626,15.46723172,14.87174454,15.23238219,14.9161127,14.78555874,15.12544544,15.69085215,16.20964482,17.33744304,17.47504009,,
Tonga,"Employment in industry, female (% of female employment) (modeled ILO estimate)",58.22999954,58.43999863,58.70999908,59.09999847,59.25999832,59.02999878,58.65000153,57.45999908,56.63999939,56.09000015,55.04999924,54.68000031,54.08000183,53.09000015,51.95000076,50.77000046,49.47999954,48.40000153,47.43999863,46.59000015,45.93000031,45.04999924,45,,
South Asia (IDA & IBRD),"Employment in industry, female (% of female employment) (modeled ILO estimate)",11.32261466,11.34695358,11.42913726,11.52380568,11.79203655,12.08128996,12.50698132,12.9700162,13.39189728,13.73279207,13.84218637,14.01166072,14.38484369,14.6556928,15.8138983,16.9782895,16.7759277,16.83849637,16.90127851,16.78500068,16.92768859,16.91670637,17.08260504,,
Sub-Saharan Africa (IDA & IBRD countries),"Employment in industry, female (% of female employment) (modeled ILO estimate)",7.837335325,7.743060131,7.649007223,7.483400643,7.372069951,7.208925743,7.161398893,7.016105241,6.978768863,7.028229593,7.04034004,7.081752522,7.112940414,7.110133215,7.145664871,7.291789273,7.388341458,7.548494278,7.678090466,7.660096507,7.716641962,7.662554052,7.700021998,,
Trinidad and Tobago,"Employment in industry, female (% of female employment) (modeled ILO estimate)",12.89000034,13.44999981,13.17000008,13.47000027,12.93999958,14.35999966,13.34000015,15.30000019,16.18000031,15.93000031,15.19999981,15.59000015,14.60999966,14.19999981,13.59000015,12.96000004,12.89999962,12.56999969,12.94999981,12.61999989,12.47999954,12.46000004,12.36999989,,
Tunisia,"Employment in industry, female (% of female employment) (modeled ILO estimate)",35.93000031,35.81000137,35.75,35.61999893,35.52000046,35.18999863,35.06999969,35.06999969,34.65999985,34.11999893,33.90999985,34.29000092,31.57999992,32.75,33.52000046,33.41999817,33.93999863,34,33.27999878,32.54999924,32.81000137,32.72000122,32.56999969,,
Turkiye,"Employment in industry, female (% of female employment) (modeled ILO estimate)",19.01000023,18.85000038,18.32999992,17.93000031,17.26000023,17.23999977,16.96999931,16.62000084,16.54000092,16.43000031,16.15999985,15.81999969,15.32999992,15.96000004,15.23999977,14.94999981,15.39000034,17.18000031,16.25,15.97999954,15.67000008,16.06999969,15.85000038,,
Tuvalu,"Employment in industry, female (% of female employment) (modeled ILO estimate)",,,,,,,,,,,,,,,,,,,,,,,,,
Tanzania,"Employment in industry, female (% of female employment) (modeled ILO estimate)",1.110000014,1.129999995,1.169999957,1.220000029,1.320000052,1.549999952,1.820000052,2.160000086,2.539999962,3.00999999,2.980000019,3,3.019999981,3.019999981,3.029999971,3.059999943,3.079999924,3.099999905,3.079999924,3.069999933,3.079999924,3.079999924,3.079999924,,
Uganda,"Employment in industry, female (% of female employment) (modeled ILO estimate)",5.570000172,5.539999962,5.489999771,5.440000057,5.360000134,5.269999981,5.21999979,5.159999847,5.130000114,5.050000191,4.980000019,4.96999979,4.920000076,4.880000114,4.900000095,4.869999886,3.539999962,3.5,3.49000001,3.369999886,3.299999952,3.230000019,3.190000057,,
Ukraine,"Employment in industry, female (% of female employment) (modeled ILO estimate)",17.89999962,17.54000092,17.25,16.54999924,16.20999908,16.03000069,15.86999989,15.73999977,15.64000034,15.60999966,15.56000042,15.44999981,15.42000008,15.39000034,15.22999954,15.10000038,14.18000031,14.53999996,13.85000038,14.06999969,13.76000023,13.89000034,13.98999977,,
Upper middle income,"Employment in industry, female (% of female employment) (modeled ILO estimate)",22.94211111,22.48497445,21.87171493,21.22532074,20.89306773,19.91254778,19.78532462,20.32083546,21.01733186,21.63588519,22.52932039,22.44231375,22.36854992,22.66991247,22.85343473,23.22683468,22.85195086,22.61730131,21.8880388,21.41306659,20.74273144,20.68828407,19.84507222,,
Uruguay,"Employment in industry, female (% of female employment) (modeled ILO estimate)",15.42000008,15.19999981,14.71000004,14.26000023,13.73999977,13.17000008,12.97000027,12.80000019,12.65999985,12.35999966,12.43000031,12,11.68999958,11.81000042,10.47999954,10.40999985,10.22999954,10.10000038,9.75,9.25,9.220000267,8.659999847,8.590000153,,
United States,"Employment in industry, female (% of female employment) (modeled ILO estimate)",13.60000038,13.31999969,13.02000046,12.71000004,11.89000034,10.96000004,10.76000023,10.44999981,10.25,10.05000019,10.06000042,9.600000381,8.659999847,8.460000038,8.720000267,8.75,8.819999695,8.859999657,8.829999924,8.710000038,8.710000038,8.779999733,8.869999886,,
Uzbekistan,"Employment in industry, female (% of female employment) (modeled ILO estimate)",17.20000076,16.40999985,16.42000008,15.90999985,15.48999977,15.15999985,14.89000034,14.64999962,14.48999977,14.34000015,14.18999958,14.14000034,14.09000015,14.03999996,13.97000027,13.77000046,13.69999981,13.63000011,13.60000038,13.64999962,13.97000027,13.90999985,14.28999996,,
St. Vincent and the Grenadines,"Employment in industry, female (% of female employment) (modeled ILO estimate)",9.260000229,9.069999695,8.739999771,8.399999619,8.170000076,8.029999733,8,7.909999847,7.760000229,7.769999981,7.730000019,7.570000172,7.369999886,7.130000114,6.980000019,6.860000134,6.78000021,6.650000095,6.590000153,6.5,6.440000057,6.380000114,6.300000191,,
"Venezuela, RB","Employment in industry, female (% of female employment) (modeled ILO estimate)",13.71000004,13.40999985,13.03999996,12.81999969,11.96000004,11.48999977,11.18999958,11.09000015,11.14999962,11.27999973,11.75,11.21000004,10.88000011,10.5,10.35000038,10.31999969,10.10999966,9.710000038,9.25,8.659999847,8.119999886,7.590000153,7.079999924,,
British Virgin Islands,"Employment in industry, female (% of female employment) (modeled ILO estimate)",,,,,,,,,,,,,,,,,,,,,,,,,
Virgin Islands (U.S.),"Employment in industry, female (% of female employment) (modeled ILO estimate)",10.86999989,10.72999954,10.53999996,10.35999966,10.11999989,9.880000114,9.670000076,9.510000229,9.369999886,9.229999542,9.130000114,9.010000229,8.729999542,8.600000381,8.350000381,7.960000038,7.769999981,7.630000114,7.510000229,7.409999847,7.260000229,7.150000095,7.03000021,,
Vietnam,"Employment in industry, female (% of female employment) (modeled ILO estimate)",10.39999962,9.130000114,9.840000153,10.11999989,11.14999962,11.69999981,12.97000027,13.72999954,14.77999973,15.89999962,16.09000015,16.44000053,16.96999931,17.25,16.55999947,16.84000015,16.95999908,17.5,19.31999969,20.77000046,21.80999947,22.55999947,23.28000069,,
Vanuatu,"Employment in industry, female (% of female employment) (modeled ILO estimate)",0.119999997,0.119999997,0.129999995,0.150000006,0.159999996,0.170000002,0.200000003,0.239999995,0.289999992,0.360000014,0.639999986,1.200000048,2.470000029,4.400000095,4.960000038,5.739999771,6.690000057,7.300000191,8.829999924,10.06000042,10.81000042,11.69999981,12.53999996,,
World,"Employment in industry, female (% of female employment) (modeled ILO estimate)",17.78410781,17.37954392,16.99892114,16.59319361,16.38964045,15.81636444,15.66881395,15.83045851,16.13178746,16.38937956,16.70885172,16.55526751,16.33896115,16.43017758,16.6308883,16.95339247,16.74403237,16.64393951,16.35737415,16.13205741,15.90928149,15.90273681,15.53368557,,
Samoa,"Employment in industry, female (% of female employment) (modeled ILO estimate)",28.59000015,28.98999977,29.27000046,29.72999954,30.25,31.5,32.95999908,34.06000137,35.27999878,36.40000153,37,37.04000092,36.75,37,37.36999893,37.34999847,37.34999847,37.43000031,37.58000183,37.83000183,37.61999893,37.16999817,37.22999954,,
Kosovo,"Employment in industry, female (% of female employment) (modeled ILO estimate)",,,,,,,,,,,,,,,,,,,,,,,,,
"Yemen, Rep.","Employment in industry, female (% of female employment) (modeled ILO estimate)",4.550000191,5.269999981,5.929999828,6.599999905,7.289999962,8.029999733,8.760000229,9.43999958,9.979999542,10.55000019,11.22999954,12.01000023,13.05000019,14.06999969,13.64999962,13.52999973,13.18000031,12.56000042,12.85000038,12.94999981,12.93999958,12.93000031,13.07999992,,
South Africa,"Employment in industry, female (% of female employment) (modeled ILO estimate)",15.56999969,15.40999985,15.17000008,14.96000004,14.71000004,14.31000042,14.14999962,13.92000008,13.60999966,13.27000046,13.09000015,13.10000038,13.10000038,13.01000023,12.93999958,12.25,12.39999962,12.02999973,11.72999954,11.90999985,12.21000004,11.61999989,11.98999977,,
Zambia,"Employment in industry, female (% of female employment) (modeled ILO estimate)",3.190000057,3.25999999,3.170000076,3.099999905,3.059999943,3.059999943,3.069999933,3.089999914,3.099999905,3.00999999,2.920000076,2.849999905,3.099999905,3.309999943,3.630000114,3.940000057,4.03000021,4.139999866,4.239999771,4.309999943,4.329999924,4.269999981,4.300000191,,
Zimbabwe,"Employment in industry, female (% of female employment) (modeled ILO estimate)",4.71999979,4.590000153,4.510000229,4.380000114,4.289999962,4.139999866,3.99000001,3.720000029,3.430000067,3.690000057,3.369999886,3.269999981,3.210000038,3.119999886,3.049999952,2.769999981,2.470000029,2.24000001,2.150000095,2.079999924,2.00999999,1.950000048,1.929999948,,
