Country Name,1960,1961,1962,1963,1964,1965,1966,1967,1968,1969,1970,1971,1972,1973,1974,1975,1976,1977,1978,1979,1980,1981,1982,1983,1984,1985,1986,1987,1988,1989,1990,1991,1992,1993,1994,1995,1996,1997,1998,1999,2000,2001,2002,2003,2004,2005,2006,2007,2008,2009,2010,2011,2012,2013,2014,2015,2016,2017,2018,2019,2020,2021
Aruba,,,,,,,,,,,,,,,,,,,,,,,,,,,,,,,,,,,,,,,,,,,,,,,,,,,,,,,,,,,,,,
Africa Eastern and Southern,,,,,,,,,,,,,,,,,,,,,,,,,,,,,,,,59.2838907,59.47713037,59.62288675,59.85349048,60.19986508,60.29796125,60.31709236,60.39925468,60.52136798,60.69317697,60.84677014,61.01263223,61.19567601,61.50460815,61.79114894,61.67325461,61.50907897,61.33553933,60.89976162,59.62249019,59.87354946,59.75632025,59.87952919,59.77853523,59.84110135,59.80361729,59.94136325,59.84857993,59.83114167,58.57871499,58.9600185
Afghanistan,,,,,,,,,,,,,,,,,,,,,,,,,,,,,,,,14,14.04399967,14.06400013,14.06999969,14.09700012,13.97200012,13.85000038,13.75300026,13.69099998,13.64400005,13.75800037,13.88399982,14.05700016,14.22500038,14.36100006,14.1960001,14.01900005,13.89999962,13.81599998,13.82600021,14.13399982,14.48400021,15.33899975,16.22400093,16.89299965,17.56699944,18.25099945,18.57699966,18.89800072,13.69999981,
Africa Western and Central,,,,,,,,,,,,,,,,,,,,,,,,,,,,,,,,57.37695977,57.1835271,57.11628564,57.06886647,57.04763693,56.97500803,56.90144314,56.84588296,56.71259828,56.70215767,56.69996476,56.72894169,56.65253198,56.597366,56.4885073,56.40989764,56.33511377,56.09162985,55.82440275,55.56536049,55.45658081,54.11522077,52.95331949,52.63052865,52.45259003,52.5674124,52.31622661,52.25713544,52.2946868,51.20899452,51.44247773
Angola,,,,,,,,,,,,,,,,,,,,,,,,,,,,,,,,72.58399963,72.59400177,72.58799744,72.7009964,72.79399872,72.82499695,72.85800171,72.91100311,72.97399902,73.05000305,73.09799957,73.17299652,73.20999908,73.28800201,73.35500336,73.3769989,73.41699982,73.44799805,73.46900177,67.37799835,69.09500122,68.7519989,68.37000275,68.01599884,68.01000214,68.00299835,68.04299927,68.06700134,68.12000275,66.92900085,66.92700195
Albania,,,,,,,,,,,,,,,,,,,,,,,,,,,,,,,,48.84199905,40.2480011,41.73300171,43.27600098,44.7820015,44.70399857,44.11199951,41.35699844,40.19800186,40.67399979,39.94200134,40,39.92399979,39.75500107,39.39199829,39.06200027,38.43899918,39.17900085,38.64599991,39.31499863,45.25500107,43.21099854,37.82300186,37.03699875,38.94599915,42.55899811,43.40200043,45.19400024,46.83399963,43.28900146,45.13999939
Andorra,,,,,,,,,,,,,,,,,,,,,,,,,,,,,,,,,,,,,,,,,,,,,,,,,,,,,,,,,,,,,,
Arab World,,,,,,,,,,,,,,,,,,,,,,,,,,,,,,,,16.0808379,16.62553556,16.28599813,16.48046937,16.24079071,16.54279991,16.39195339,16.32246678,16.74179168,16.53337548,16.48643662,15.85456782,16.08234726,16.20856647,16.4656233,16.81119219,17.51354486,17.19617926,17.04676547,17.02785476,16.84873778,16.77191027,17.02350922,16.97081611,17.09241845,17.29358132,16.64802076,16.13996056,15.86899594,15.497726,15.32281972
United Arab Emirates,,,,,,,,,,,,,,,,,,,,,,,,,,,,,,,,28.71999931,29.25799942,29.93300056,30.22900009,30.52000046,31.02700043,31.36800003,31.72500038,32.15599823,32.67200089,32.97399902,33.37900162,33.87799835,34.41600037,34.80599976,35.7519989,36.52500153,37.42699814,38.48500061,39.87099838,41.3769989,42.83100128,44.30099869,45.76200104,47.22200012,48.64500046,48.77399826,49.63800049,53.39500046,57.44300079,49.20199966
Argentina,,,,,,,,,,,,,,,,,,,,,,,,,,,,,,,,43.56399918,44.23799896,42.58100128,42.67200089,38.04700089,40.18099976,41.98899841,44.28099823,43.04199982,42.17699814,40.95800018,38.34199905,40.02600098,42.05099869,42.41699982,43.55099869,43.76599884,43.37400055,43.97100067,43.29899979,43.86199951,43.80400085,43.59600067,43.44800186,43.40499878,43.19499969,43.1590004,43.97200012,44.66199875,40.74399948,45.32600021
Armenia,,,,,,,,,,,,,,,,,,,,,,,,,,,,,,,,57.39799881,56.9640007,53.64799881,52.5719986,51.36700058,48.57899857,47.14400101,48.86500168,47.82099915,48,48.08800125,48.11399841,48.17200089,48.33100128,48.45000076,48.6969986,49.06100082,48.98099899,49.9280014,49.84999847,49.78699875,49.63199997,49.65399933,49.61700058,49.59199905,49.59199905,49.38899994,49.27399826,51.51900101,52.02500153,51.58499908
American Samoa,,,,,,,,,,,,,,,,,,,,,,,,,,,,,,,,,,,,,,,,,,,,,,,,,,,,,,,,,,,,,,
Antigua and Barbuda,,,,,,,,,,,,,,,,,,,,,,,,,,,,,,,,,,,,,,,,,,,,,,,,,,,,,,,,,,,,,,
Australia,,,,,,,,,,,,,,,,,,,,,,,,,,,,,,,,47.19499969,46.75299835,46.50500107,47.64500046,49.22900009,49.33499908,49.23400116,49.68600082,50.0379982,51.19400024,51.48699951,51.81700134,52.55699921,52.59400177,53.98500061,54.68099976,55.28099823,55.86399841,55.56299973,55.44400024,55.72399902,55.6230011,55.37799835,55.01599884,55.51300049,55.89899826,56.44499969,57.26200104,57.84199905,56.36800003,58.14599991
Austria,,,,,,,,,,,,,,,,,,,,,,,,,,,,,,,,41.99499893,43.15399933,43.26300049,46.70700073,46.9640007,46.27999878,46.13800049,46.58399963,47.14599991,47.11700058,47.31999969,48.27500153,48.57799911,47.06100082,48.29100037,49.06900024,50.04700089,51.02299881,51.29299927,51.64799881,52.01300049,52.35699844,52.35800171,52.32400131,52.41600037,52.81499863,53.07699966,53.30400085,53.55099869,52.72100067,52.49499893
Azerbaijan,,,,,,,,,,,,,,,,,,,,,,,,,,,,,,,,64.97399902,66.20300293,66.50299835,67.3690033,68.19100189,67.65799713,66.67199707,65.46900177,64.42500305,62.97299957,62.11899948,61.60300064,60.3730011,58.93999863,58.24700165,57.13600159,53.6230011,53.52799988,54.18600082,55.65399933,54.46500015,55.5530014,55.77899933,56.64099884,57.39599991,58.37799835,58.75299835,59.33000183,59.21699905,59.29999924,59.60900116
Burundi,,,,,,,,,,,,,,,,,,,,,,,,,,,,,,,,87.96099854,87.4260025,86.70500183,86.0490036,85.43599701,84.6740036,83.87200165,83.0490036,82.47699738,81.95200348,81.47899628,81.03299713,80.56800079,80.2480011,79.88999939,79.63700104,79.90000153,80.20200348,80.11000061,80.04299927,79.88999939,79.76300049,79.66000366,79.54399872,79.83899689,80.06600189,80.19400024,80.2559967,80.15499878,79.11599731,79.78399658
Belgium,,,,,,,,,,,,,,,,,,,,,,,,,,,,,,,,33.92599869,35.18000031,35.27500153,35.17499924,35.5909996,35.53099823,36.27700043,36.78900146,38.75699997,40.02899933,38.96500015,39.25,39.51599884,40.58800125,41.34799957,41.54899979,42.60400009,43.34600067,43.13899994,43.65100098,43.65800095,43.61000061,43.86100006,44.26100159,44.27500153,44.1590004,45.29700089,46.77600098,47.37900162,46.69499969,47.11199951
Benin,,,,,,,,,,,,,,,,,,,,,,,,,,,,,,,,56.63700104,56.64599991,57.38999939,58.13999939,58.93399811,59.72700119,60.54499817,61.38100052,62.25,63.14400101,64.06400299,65.01399994,65.41600037,65.82499695,66.22799683,66.64800262,67.06700134,67.47799683,67.88300323,68.3010025,67.58300018,65.9980011,64.36000061,62.63100052,60.81700134,59.02199936,57.18799973,55.30400085,55.35300064,54.72700119,54.74100113
Burkina Faso,,,,,,,,,,,,,,,,,,,,,,,,,,,,,,,,77.20899963,76.17500305,75.20300293,74.15499878,73.12400055,72.06500244,70.89800262,69.72899628,68.41600037,67.02999878,65.68900299,64.26399994,62.85499954,60.9620018,59.1269989,57.93199921,57.74599838,57.32799911,56.88999939,56.54499817,56.15599823,55.80099869,55.46500015,55.14599991,55.12200165,55.11999893,55.10400009,55.09500122,55.11999893,54.43899918,55.00099945
Bangladesh,,,,,,,,,,,,,,,,,,,,,,,,,,,,,,,,25.59499931,25.73500061,25.9260006,26.14699936,26.38800049,26.58399963,26.72800064,26.88699913,27.04999924,27.19599915,27.21999931,27.26199913,27.28899956,27.15399933,27.00099945,27.26099968,27.54400063,27.85300064,28.15699959,29.42700005,29.47800064,29.5340004,29.60099983,30.0170002,30.43199921,30.84799957,34.02299881,34.25500107,34.43999863,33.79000092,34.30500031
Bulgaria,,,,,,,,,,,,,,,,,,,,,,,,,,,,,,,,47.68199921,45.71699905,44.18000031,45.05599976,44.90200043,43.20199966,41.62400055,41.43299866,39.33100128,37.59999847,37.69300079,38.06499863,38.88800049,40.17900085,40.0530014,42.04899979,44.01599884,45.54999924,44.37400055,43.20000076,42.4469986,42.65999985,42.82300186,43.5719986,44.48600006,44.34600067,46.57400131,46.92900085,48.33000183,46.84500122,46.56700134
Bahrain,,,,,,,,,,,,,,,,,,,,,,,,,,,,,,,,27.87400055,28.45499992,29.09499931,29.61800003,30.2670002,30.90399933,31.5510006,32.2480011,32.97700119,33.76699829,34.57400131,35.39099884,36.1969986,36.89500046,37.58000183,38.3370018,39.18899918,40.08399963,41.03900146,41.99700165,40.93199921,41.125,41.32300186,41.35599899,41.38399887,41.59600067,41.9280014,42.43500137,42.73899841,40.95199966,41.35300064
"Bahamas, The",,,,,,,,,,,,,,,,,,,,,,,,,,,,,,,,57.27600098,55.2820015,57.58800125,56.52099991,59.18899918,57.5,60.3429985,60.77899933,62.2859993,63.3030014,64.27200317,62.58399963,60.73500061,61.01499939,61.07799911,63.29000092,62.4640007,61.87400055,57.99399948,57.51499939,56.93399811,58.01800156,56.06100082,57.08000183,58.01599884,57.00899887,59.19100189,60.24200058,60.10599899,55.44900131,57.26100159
Bosnia and Herzegovina,,,,,,,,,,,,,,,,,,,,,,,,,,,,,,,,25.02899933,24.49600029,23.72200012,22.86000061,22.21699905,21.86100006,21.55200005,21.2670002,21.0739994,20.68499947,20.55900002,20.52400017,20.52099991,20.39699936,20.36100006,20.25300026,20.84399986,23.75399971,24.43499947,23.85400009,23.84300041,23.65399933,24.13500023,24.45000076,24.56699944,24.38899994,27.22500038,27.80900002,30.01799965,29.73800087,32.43799973
Belarus,,,,,,,,,,,,,,,,,,,,,,,,,,,,,,,,52.84400177,51.59600067,49.10699844,47.29000092,45.30699921,42.32600021,45.28900146,46.62599945,47.32300186,48.15299988,48.93600082,49.58200073,50.11800003,50.57600021,51.18700027,51.79999924,52.49499893,53.18600082,53.98699951,54.31000137,54.72100067,55.07400131,55.31600189,55.50299835,55.72100067,55.8429985,55.77999878,55.57500076,55.97999954,55.5909996,55.91799927
Belize,,,,,,,,,,,,,,,,,,,,,,,,,,,,,,,,28.84499931,29.88299942,30.29400063,29.57299995,29.22299957,29.47800064,29.1989994,29.28899956,30.21299934,31.75099945,33.21500015,33.88899994,34.16999817,34.36299896,34.5530014,35.98199844,37.36600113,38.15200043,38.66500092,39.21500015,39.74300003,40.28099823,40.80400085,40.93099976,43.1969986,44.02600098,44.18000031,43.4070015,42.43099976,40.24000168,41.49200058
Bermuda,,,,,,,,,,,,,,,,,,,,,,,,,,,,,,,,,,,,,,,,,,,,,,,,,,,,,,,,,,,,,,
Bolivia,,,,,,,,,,,,,,,,,,,,,,,,,,,,,,,,55.19400024,55.04199982,55.49300003,55.93099976,56.50899887,57.02299881,57.6590004,58.90000153,59.99599838,57.94499969,57.95700073,58.02799988,58.08300018,58.18500137,58.24599838,61.34600067,58.83399963,59.89599991,60.32300186,60.26300049,60.20399857,56.01599884,56.99599838,59.40999985,52.53099823,54.64599991,56.74200058,61.2879982,58.30199814,53.5,54.31200027
Brazil,,,,,,,,,,,,,,,,,,,,,,,,,,,,,,,,40.27399826,41.13000107,42.31000137,42.875,43.34199905,41.45600128,41.73799896,41.62200165,42.25400162,43.68899918,44.68899918,46.05699921,45.84999847,47.14699936,47.8219986,48.23400116,48.20399857,48.55099869,48.19300079,47.79600143,46.72000122,47.55699921,47.66199875,47.94300079,47.40299988,45.56000137,45.6590004,46.17100143,46.86800003,41.28300095,43.30699921
Barbados,,,,,,,,,,,,,,,,,,,,,,,,,,,,,,,,44.53099823,44.11800003,43.51800156,43.9679985,48.30199814,50.4129982,51.16999817,51.77700043,53.24599838,55.54100037,56.26499939,55.15999985,55.91199875,57.74200058,57.54100037,56.625,56.74200058,56.64099884,56.51300049,56.30199814,55.10100174,53.58599854,54.93099976,52.79899979,55.38600159,56.55699921,55.22900009,54.43000031,54.76499939,52.18199921,52.75699997
Brunei Darussalam,,,,,,,,,,,,,,,,,,,,,,,,,,,,,,,,43.10900116,43.99700165,44.93999863,45.81299973,46.68899918,47.58800125,48.50899887,49.37400055,50.20500183,51.06499863,51.91500092,51.90399933,51.91600037,51.94499969,51.94900131,51.90800095,51.96099854,51.99200058,51.99900055,51.95800018,51.95100021,51.92699814,51.91199875,51.8730011,51.4659996,51.11899948,50.69499969,51.61199951,50.65100098,49.86299896,50.13999939
Bhutan,,,,,,,,,,,,,,,,,,,,,,,,,,,,,,,,57.46699905,57.36800003,57.30799866,57.23400116,57.15800095,57.5340004,58.00400162,58.54100037,58.93899918,59.12799835,59.40399933,60.25,61.13899994,61.35599899,62.05400085,62.11800003,61.87400055,62.00999832,62.00899887,60.79199982,59.32799911,61.68999863,56.06700134,52.06600189,53.26800156,53.11299896,52.90399933,52.62900162,53,49.42699814,50.3429985
Botswana,,,,,,,,,,,,,,,,,,,,,,,,,,,,,,,,38.57500076,37.69499969,36.83200073,36.00500107,35.86100006,35.65599823,35.91999817,36.09899902,38.13800049,40.07400131,38.23899841,37.68999863,37.04299927,38.57799911,40.18199921,41.82799911,42.78900146,43.73600006,44.57500076,41.29000092,41.76399994,42.25500107,42.83399963,43.26499939,43.6609993,44.29600143,44.75899887,45.25,45.72800064,44.46500015,45.50699997
Central African Republic,,,,,,,,,,,,,,,,,,,,,,,,,,,,,,,,59.48600006,59.45000076,59.45899963,59.47600174,59.52899933,59.50400162,59.49700165,59.54100037,59.5890007,59.66899872,59.53499985,59.48199844,59.42699814,59.4469986,59.42300034,59.39899826,59.37799835,59.37900162,59.28900146,59.06800079,59.04499817,59.00699997,58.99200058,58.91600037,58.81800079,58.88600159,58.98400116,59.13800049,59.19200134,58.27999878,58.61100006
Canada,,,,,,,,,,,,,,,,,,,,,,,,,,,,,,,,52.75699997,51.93799973,51.5019989,51.88100052,52.23799896,52.1230011,52.63299942,53.72100067,54.62099838,55.42300034,55.65800095,56.57500076,57.46699905,57.74200058,57.67200089,58.11299896,58.97200012,59.01499939,58.05199814,57.88700104,57.80400085,57.88700104,58.06999969,57.61500168,57.36199951,57.45100021,57.87900162,57.9280014,58.2120018,53.92300034,56.25099945
Central Europe and the Baltics,,,,,,,,,,,,,,,,,,,,,,,,,,,,,,,,49.52533047,48.89310053,47.3025911,46.63885656,46.16608106,45.49021457,45.89579759,45.80178918,45.20581254,44.06466143,43.63594046,41.95709327,41.78794614,41.56678489,41.46164304,42.42433151,43.46690639,44.14439162,43.63463161,43.26597393,43.13884745,43.39742811,43.440056,44.32505604,44.93606929,45.60527349,46.73820759,47.26956444,47.42790575,46.81542222,47.17345671
Switzerland,,,,,,,,,,,,,,,,,,,,,,,,,,,,,,,,55.2840004,55.10800171,54.41199875,53.8390007,53.81499863,54.70199966,54.70999908,55.79100037,56.09600067,55.83499908,56.7480011,57.45500183,56.77799988,56.28099823,56.30899811,56.94599915,57.22399902,58.85200119,58.79000092,56.84999847,57.62599945,57.93799973,58.12599945,58.80199814,59.2179985,59.67399979,59.42399979,59.68799973,60.00699997,59.38000107,58.91999817
Channel Islands,,,,,,,,,,,,,,,,,,,,,,,,,,,,,,,,42.74900055,42.88000107,42.14500046,41.98799896,42.47499847,43.26699829,43.80699921,44.35699844,45.42900085,45.90299988,47.40800095,49.16699982,49.71099854,49.54199982,48.9469986,48.43700027,47.85100174,48.52899933,49.01300049,48.69800186,47.28300095,47.02199936,46.66899872,46.79999924,47.0909996,47.48199844,47.89699936,48.15000153,48.23199844,47.01800156,47.50899887
Chile,,,,,,,,,,,,,,,,,,,,,,,,,,,,,,,,30.2159996,31.64999962,32.45500183,32.40200043,34.02999878,33.10300064,33.9129982,34.3370018,33.1230011,33.01499939,32.36299896,32.16199875,33.27099991,34.13600159,35.22800064,36.45899963,37.6590004,38.84000015,38.65399933,40.99200058,43.32699966,43.89199829,44.47900009,45.11100006,44.97999954,44.6969986,45.0929985,45.36600113,45.49499893,39.51699829,41.76800156
China,,,,,,,,,,,,,,,,,,,,,,,,,,,,,,,,71.34300232,71.09999847,70.65499878,70.27899933,69.97200012,69.65100098,69.33499908,69.08000183,68.8239975,68.56700134,67.60399628,66.6989975,65.85099792,65.25299835,64.57499695,63.95999908,63.33100128,62.51399994,61.75500107,61.16699982,61.15599823,60.8370018,60.54199982,60.35200119,60.14500046,59.94200134,59.65299988,59.39899826,59.01200104,56.5320015,58.88199997
Cote d'Ivoire,,,,,,,,,,,,,,,,,,,,,,,,,,,,,,,,44.54499817,44.56700134,45.08100128,45.60800171,46.1609993,46.19800186,46.24399948,46.25899887,46.48899841,46.72200012,46.9469986,47.17100143,47.38100052,47.6590004,47.87200165,48.11299896,48.32899857,48.58800125,48.81200027,49.07300186,49.20999908,49.57099915,51.09500122,51.97499847,52.86399841,53.77199936,53.33000183,53.9469986,54.56999969,53.92900085,54.69800186
Cameroon,,,,,,,,,,,,,,,,,,,,,,,,,,,,,,,,72.66400146,72.62799835,72.52999878,72.63899994,72.64299774,72.63999939,72.64900208,72.66699982,72.68599701,72.70200348,72.71299744,73.15799713,73.61399841,74.07800293,74.48100281,74.92900085,75.375,72.73200226,69.95200348,67.03900146,66.3690033,65.69400024,65.00099945,64.30200195,64.32099915,64.33200073,64.35199738,64.39199829,64.43299866,63.64500046,63.74000168
"Congo, Dem. Rep.",,,,,,,,,,,,,,,,,,,,,,,,,,,,,,,,69.54100037,69.51699829,69.49900055,69.53199768,69.57700348,69.55000305,69.53700256,69.56800079,69.59200287,69.61499786,69.61799622,69.62999725,69.64099884,69.65399933,69.66699982,68.3710022,67.05899811,65.72399902,64.36000061,63.0019989,61.61299896,60.21099854,60.19200134,60.18399811,60.17599869,60.14899826,60.1590004,60.18899918,60.21900177,59.30699921,59.76800156
"Congo, Rep.",,,,,,,,,,,,,,,,,,,,,,,,,,,,,,,,51.8370018,51.92100143,51.97000122,52.00699997,52.18899918,52.26499939,52.28499985,52.40000153,52.39599991,52.56700134,52.56399918,52.61100006,52.61100006,52.67399979,52.74599838,52.73099899,52.55099869,52.6609993,52.69400024,52.65999985,52.48600006,52.49499893,52.32099915,52.35599899,52.21099854,52.12099838,52.1969986,52.2120018,52.29800034,50.55899811,50.77700043
Colombia,,,,,,,,,,,,,,,,,,,,,,,,,,,,,,,,44.07600021,44.63800049,46.24000168,46.22999954,47.35499954,45.49700165,45.70700073,44.00999832,40.37900162,39.88299942,43.00600052,42.84400177,44.51499939,43.38299942,43.73400116,43.22600174,42.55899811,42.91699982,45.36299896,47.38999939,48.72200012,50.29000092,50.72100067,51.17300034,51.76699829,51.29399872,50.99900055,50.20000076,48.77799988,40.61899948,42.30099869
Comoros,,,,,,,,,,,,,,,,,,,,,,,,,,,,,,,,29.69000053,29.77400017,29.79800034,29.82699966,29.93700027,30,30.11199951,30.20599937,30.33300018,30.51000023,30.61700058,30.76600075,30.90200043,31.00499916,30.82799911,30.64699936,30.45800018,30.29500008,30.11499977,29.9470005,29.78000069,29.60700035,29.45000076,29.2670002,29.33399963,29.41300011,29.48699951,29.56599998,29.64299965,29.04299927,29.16600037
Cabo Verde,,,,,,,,,,,,,,,,,,,,,,,,,,,,,,,,36.17900085,36.50500107,36.7859993,37.125,37.4090004,37.70999908,38.02999878,38.36500168,38.6969986,39.0359993,39.30099869,39.63999939,39.97200012,40.34700012,40.69400024,41.07099915,41.48799896,41.85200119,42.22999954,42.68399811,43.08499908,43.4620018,43.85499954,44.25600052,44.66500092,45.09700012,45.50999832,43.11999893,44.67699814,40.87900162,42.34500122
Costa Rica,,,,,,,,,,,,,,,,,,,,,,,,,,,,,,,,30.85700035,30.74399948,31.70599937,32.56999969,33.07500076,31.06999969,34.18500137,36.23199844,36.53699875,35.83499908,39.10800171,38.7859993,39.14199829,37.45500183,40.37900162,40.70399857,42.47499847,43.44900131,41.86600113,39.89599991,40.77099991,45.69499969,46.09700012,45.7859993,44.71500015,39.29499817,41.2820015,42.95000076,45.15599823,38.18799973,40.02799988
Caribbean small states,,,,,,,,,,,,,,,,,,,,,,,,,,,,,,,,44.30691581,44.29088646,44.4060128,44.53901041,45.08154803,45.03520183,45.09439466,44.8982139,44.85288128,45.02943806,44.85506238,44.75630762,45.02392062,46.02030556,46.46223766,47.17061354,47.04515947,47.48065631,46.25914996,45.58227383,45.40051968,45.97798706,46.12555586,46.78142015,48.2888691,48.15819879,48.88298921,49.37142221,49.63049122,47.1757253,48.43147135
Cuba,,,,,,,,,,,,,,,,,,,,,,,,,,,,,,,,32.15999985,30.87400055,29.23200035,29.29800034,29.39800072,30.36700058,31.00900078,31.62800026,32.06200027,33.13499832,34.3730011,34.97200012,35.87400055,36.9620018,38.0909996,39.27299881,40.09700012,40.39300156,41.5320015,40.72700119,40.17100143,40.34500122,40.54999924,40.70000076,41.26900101,41.31000137,41.55899811,41.54899979,41.61500168,38.20800018,39.2480011
Curacao,,,,,,,,,,,,,,,,,,,,,,,,,,,,,,,,,,,,,,,,,,,,,,,,,,,,,,,,,,,,,,
Cayman Islands,,,,,,,,,,,,,,,,,,,,,,,,,,,,,,,,,,,,,,,,,,,,,,,,,,,,,,,,,,,,,,
Cyprus,,,,,,,,,,,,,,,,,,,,,,,,,,,,,,,,40.61600113,42.02999878,41.86000061,42.67300034,43.42499924,43.82099915,44.42699814,45.27799988,44.17599869,45.01499939,48.34999847,49.83499908,50.98300171,50.23099899,49.51100159,51.13899994,52.97900009,53.25999832,53.31000137,53.85200119,52.80199814,50.38399887,48.17599869,49.56800079,49.01300049,48.68199921,50.25500107,52.19300079,52.69599915,52.09999847,53.06299973
Czechia,,,,,,,,,,,,,,,,,,,,,,,,,,,,,,,,51.26399994,50.74499893,49.48600006,49.84700012,49.81200027,49.40499878,48.91199875,47.75299835,46.63999939,46.07099915,46.18099976,46.38600159,45.91899872,45.58800125,45.67599869,46.06700134,46.40800095,46.55899811,45.72000122,45.15299988,45.56499863,45.93099976,46.69800186,47.09899902,48.12900162,49.43899918,50.41600037,51.29700089,51.33499908,50.28699875,50.10800171
Germany,,,,,,,,,,,,,,,,,,,,,,,,,,,,,,,,44.98500061,43.93600082,43.18399811,42.86600113,43.0929985,43.26300049,43.10300064,43.38000107,44.4679985,44.8409996,45.4980011,45.34199905,45.1590004,44.49000168,45.57799911,46.73500061,47.84000015,48.54100037,49.07899857,49.60300064,50.97800064,51.22399902,51.88700104,52.22299957,52.40000153,53.56399918,54.06000137,54.33599854,55.04800034,53.64699936,53.70700073
Djibouti,,,,,,,,,,,,,,,,,,,,,,,,,,,,,,,,9.218999863,9.279000282,9.315999985,9.406999588,9.442000389,9.506999969,9.56000042,9.597999573,9.659000397,9.725000381,9.781000137,9.864999771,9.961000443,10.06200027,10.16899967,10.35000038,10.52900028,10.7159996,10.8760004,11.06099987,11.17500019,11.24600029,11.31900024,11.40400028,11.49100018,11.53800011,11.61100006,11.70300007,11.76900005,10.93900013,11.13099957
Dominica,,,,,,,,,,,,,,,,,,,,,,,,,,,,,,,,,,,,,,,,,,,,,,,,,,,,,,,,,,,,,,
Denmark,,,,,,,,,,,,,,,,,,,,,,,,,,,,,,,,55.50699997,56.23300171,55.00099945,53.04800034,52.49700165,53.83300018,55.22499847,55.70299911,56.5,57.22700119,56.80799866,57.63800049,56.2879982,57.10200119,57.20500183,58.16500092,58.10800171,57.4659996,56.26300049,54.86800003,54.12400055,53.61500168,53.17900085,52.94400024,53.0320015,53.89099884,54.13299942,54.48899841,54.93199921,54.29399872,55.0890007
Dominican Republic,,,,,,,,,,,,,,,,,,,,,,,,,,,,,,,,31.15399933,32.09500122,32.60499954,32.64599991,33.00899887,33.38399887,34.06499863,34.52899933,34.94100189,35.23400116,33.75999832,35.68299866,34.97800064,34.97900009,35.67699814,36.74200058,36.98400116,38.5340004,35.65299988,38.54499817,39.82300186,40.85599899,40.15299988,40.7859993,42.73699951,43.41500092,44.87799835,45.54000092,47.22800064,42.96900177,44.55400085
Algeria,,,,,,,,,,,,,,,,,,,,,,,,,,,,,,,,9.140999794,8.786000252,8.609000206,8.458999634,8.015000343,8.409999847,8.781999588,8.765999794,8.708999634,8.668999672,9.017000198,9.227000237,9.548000336,10.60599995,10.86900043,11.27499962,10.90299988,11.23700047,11.31599998,11.36499977,12.30300045,13.0170002,13.77999973,12.47700024,13.49300003,13.74400043,13.60200024,13.47399998,13.37199974,12.19799995,12.65200043
East Asia & Pacific (excluding high income),,,,,,,,,,,,,,,,,,,,,,,,,,,,,,,,67.22262917,67.12320661,66.62790113,66.33188088,66.08254753,65.82070665,65.415894,65.17341521,64.86907283,64.66581411,63.7125539,62.82842992,62.10441328,61.4862139,60.90771688,60.46819573,60.41775543,59.93248683,59.43315156,59.08348778,59.23347472,59.06552997,58.72979111,58.6136456,58.38620785,58.1649667,57.87856085,57.8362059,57.68629737,55.44261824,57.38665938
Early-demographic dividend,,,,,,,,,,,,,,,,,,,,,,,,,,,,,,,,31.9308732,32.09161618,31.88525059,32.11399511,32.00884653,32.24970428,32.45984714,32.75919921,32.87758742,32.9288962,32.67499654,32.31496221,32.30805882,32.24003058,32.26205275,32.34717642,32.6324495,32.58397077,32.61898453,32.62669064,32.48338932,32.35410727,31.86750168,31.4428276,31.11437583,30.8249485,30.59891355,30.28631907,31.8167826,30.09919524,30.66155609
East Asia & Pacific,,,,,,,,,,,,,,,,,,,,,,,,,,,,,,,,64.61434675,64.53384977,64.06789403,63.84654792,63.65761249,63.46804502,63.178368,62.83596378,62.56593572,62.46354198,61.65601279,60.86909242,60.22710601,59.76097356,59.31256569,58.988025,58.97768719,58.557301,58.06095681,57.76614136,57.92476394,57.79398773,57.57522228,57.54081561,57.3839741,57.26073595,57.08978891,57.16447136,57.11564726,55.07087366,56.85059911
Europe & Central Asia (excluding high income),,,,,,,,,,,,,,,,,,,,,,,,,,,,,,,,51.77386358,51.14091,49.10562062,48.01966841,47.01577545,45.96574893,44.59535232,43.7214062,44.96330442,45.18875853,45.32735271,45.98249797,45.68289076,45.44660654,45.77242222,46.06150847,46.68585794,46.75279457,46.32186358,46.64543651,47.19686531,47.4687037,47.41466441,47.29965153,47.20145863,47.3811659,47.43776165,47.63031723,47.41233391,46.13785735,46.8390399
Europe & Central Asia,,,,,,,,,,,,,,,,,,,,,,,,,,,,,,,,46.27813062,45.80247796,44.54486133,43.9649271,43.59918104,43.27413657,42.91816317,42.81968126,43.71927489,44.07607721,44.39413636,44.69086107,44.74231568,44.68595821,45.09976188,45.64654707,46.33881774,46.66459162,46.22953883,46.24099379,46.53145938,46.62909574,46.57996453,46.76289789,46.96158603,47.41099666,47.80220496,48.17931724,48.36225047,47.36811213,47.93204774
Ecuador,,,,,,,,,,,,,,,,,,,,,,,,,,,,,,,,44.76499939,44.70199966,44.69400024,45.11899948,45.09799957,45.04999924,45.55500031,48.49100113,45.41999817,42.88100052,44.47000122,45.32300186,46.10900116,49.69200134,49.44499969,50.36999893,49.89300156,49.39599991,46.7140007,45.60100174,45.02500153,46.22200012,46.34400177,45.69400024,49.54399872,52.15200043,53.38899994,52.07300186,51.89199829,44.75400162,50.65000153
"Egypt, Arab Rep.",,,,,,,,,,,,,,,,,,,,,,,,,,,,,,,,17.56500053,19.12899971,17.37599945,17.9090004,16.65500069,17.20400047,16.38599968,15.87699986,16.63899994,15.78999996,15.93500042,13.8409996,14.51799965,14.49800014,15.43900013,16.21199989,19.06299973,17.78499985,17.81699944,18.07999992,17.47500038,17.09300041,17.43899918,17.59199905,17.14900017,17.60199928,17.08200073,14.45499992,12.45100021,11.93799973,12.30500031
Euro area,,,,,,,,,,,,,,,,,,,,,,,,,,,,,,,,38.50753416,38.08319405,37.44795276,37.27442266,37.45990817,37.74008884,38.00577364,38.60427734,39.55735762,40.41581071,41.14364499,41.66676481,42.26456612,42.42343243,43.13996238,43.9541185,44.79980155,45.32913224,44.87606921,44.73885301,44.89990319,44.74684937,44.57260197,44.74748767,45.10994112,45.78925461,46.38593458,46.92950793,47.51298289,46.55632705,47.27155528
Eritrea,,,,,,,,,,,,,,,,,,,,,,,,,,,,,,,,67.98899841,67.63600159,67.34500122,66.96099854,66.94999695,66.94200134,66.76300049,66.73799896,66.77300262,66.8769989,66.84500122,66.9260025,67.05999756,67.20700073,67.1740036,67.18000031,67.14800262,67.30400085,67.19999695,66.90699768,66.8690033,66.84600067,66.97399902,66.60299683,66.68900299,66.5739975,66.66500092,66.60099792,66.52600098,64.55000305,64.87599945
Spain,,,,,,,,,,,,,,,,,,,,,,,,,,,,,,,,25.56999969,25.67300034,24.87400055,24.75200081,25.45000076,26.1760006,27.31200027,28.10000038,30.09000015,32.29000092,33.41699982,35.08200073,36.49100113,37.95399857,40.56600189,42.13000107,43.35900116,43.52299881,41.76300049,41.25600052,40.93999863,39.68799973,38.7840004,39.23099899,40.20299911,41.33399963,42.2519989,43.07699966,43.80500031,42.18399811,43.79299927
Estonia,,,,,,,,,,,,,,,,,,,,,,,,,,,,,,,,57.29800034,53.82600021,51.07899857,50.33100128,48.94900131,48.57099915,49.09400177,48.22600174,46.65800095,46.47800064,45.11500168,46.61100006,46.85900116,48.51499939,49.83200073,51.61600113,51.9980011,51.98099899,49.07899857,47.30500031,49.17399979,50.3409996,50.82699966,50.82699966,52.22700119,52.82899857,54.00899887,54.26100159,54.51100159,53.27000046,54.61199951
Ethiopia,,,,,,,,,,,,,,,,,,,,,,,,,,,,,,,,64.43699646,64.40399933,64.48200226,64.4280014,64.95400238,65.48500061,65.91600037,66.33899689,66.85399628,67.73999786,68.62599945,69.4489975,70.28900146,71.23300171,72.07099915,72.05699921,72.05200195,72.04299927,72.02899933,72.04299927,72.03500366,72.02300262,72.03199768,71.94100189,71.85099792,71.74900055,71.65100098,71.55400085,71.45600128,70.05400085,70.90399933
European Union,,,,,,,,,,,,,,,,,,,,,,,,,,,,,,,,41.40598018,40.9325471,40.11276553,39.84320552,39.8957317,39.93705712,40.20718264,40.63712604,41.27144062,41.67408922,42.12259257,42.10145119,42.47284931,42.54391282,43.03727189,43.87261341,44.7595833,45.30227916,44.86048129,44.67770754,44.77433512,44.70765531,44.58151056,44.90890972,45.31234353,45.97022286,46.66806335,47.20086635,47.67005411,46.78521836,47.37993959
Fragile and conflict affected situations,,,,,,,,,,,,,,,,,,,,,,,,,,,,,,,,52.81225131,52.75237347,52.55108544,52.28432178,52.00942418,51.71853307,51.52635307,51.29449308,51.12911494,51.08629436,51.00266091,50.77722337,50.59267665,50.56043748,50.68321023,50.43790077,50.24738036,49.93560865,49.5050438,49.13063148,48.94152745,48.21611916,47.68178766,47.58357372,47.59167109,47.48608707,47.11046185,47.16154979,46.90488848,45.48871558,47.2088443
Finland,,,,,,,,,,,,,,,,,,,,,,,,,,,,,,,,54.51900101,50.77299881,47.4640007,46.58200073,45.80899811,46.06600189,46.52700043,47.57899857,49.13000107,49.41500092,50.56000137,51.14400101,50.99100113,50.4070015,51.90200043,52.45500183,53.25099945,53.5340004,52.63299942,51.66600037,51.82600021,52.01699829,51.33399963,51.07300186,50.67599869,50.26800156,50.55799866,51.77999878,52.32699966,51.0890007,51.65299988
Fiji,,,,,,,,,,,,,,,,,,,,,,,,,,,,,,,,37.26100159,37.29299927,37.21300125,37.18700027,37.11700058,37.09199905,36.59199905,36.24300003,35.9469986,35.40100098,35.05400085,34.67100143,34.23899841,33.89599991,33.04600143,34.74300003,36.41799927,38.17599869,39.9109993,41.73799896,43.51300049,42.06800079,40.69800186,39.31700134,37.77600098,36.24599838,36.31600189,36.33200073,36.29199982,35.51100159,35.42399979
France,,,,,,,,,,,,,,,,,,,,,,,,,,,,,,,,41.37900162,41.17599869,41.31499863,40.97700119,41.39699936,41.51499939,41.27700043,41.70800018,42.09799957,43.08599854,43.73400116,44.26499939,45.71900177,45.18000031,45.77500153,45.91199875,46.77500153,47.29899979,46.91699982,46.79100037,46.65200043,46.72399902,46.67300034,46.46900177,46.48500061,46.45199966,46.50099945,46.76900101,46.97700119,46.59999847,48.15599823
Faroe Islands,,,,,,,,,,,,,,,,,,,,,,,,,,,,,,,,,,,,,,,,,,,,,,,,,,,,,,,,,,,,,,
"Micronesia, Fed. Sts.",,,,,,,,,,,,,,,,,,,,,,,,,,,,,,,,,,,,,,,,,,,,,,,,,,,,,,,,,,,,,,
Gabon,,,,,,,,,,,,,,,,,,,,,,,,,,,,,,,,32.22000122,32.1590004,32.22399902,32,31.79800034,31.57699966,31.39500046,31.19000053,30.90399933,30.78899956,30.65999985,30.47800064,30.34300041,30.16500092,30.01399994,29.58699989,29.3010006,28.79299927,28.41500092,28.06599998,28.17200089,28.24600029,28.33300018,28.38400078,28.44300079,28.37800026,28.33099937,28.3220005,28.36499977,26.58099937,26.87299919
United Kingdom,,,,,,,,,,,,,,,,,,,,,,,,,,,,,,,,48.44900131,48.57600021,48.47200012,48.6969986,48.9129982,49.64300156,50.29800034,50.56700134,51.01699829,51.56299973,51.86399841,52.26699829,52.34199905,52.63600159,53.02199936,53.13600159,52.92399979,53.11399841,52.54299927,52.20600128,52.07600021,52.24700165,52.76699829,53.69599915,54.26699829,54.8030014,55.35599899,55.74700165,56.38999939,56.17200089,55.66699982
Georgia,,,,,,,,,,,,,,,,,,,,,,,,,,,,,,,,56.42599869,55.6269989,56.40499878,55.56600189,55.4640007,52.08000183,51.05699921,49.0320015,51.15999985,49.375,52.03099823,49.86999893,50.97700119,50.24599838,48.91400146,47.45299911,48.05500031,44.66400146,44.21300125,46,46.38000107,46.75,47.30400085,49.04499817,50.7820015,50.64699936,49.52999878,49.39099884,49.07099915,49.47900009,49.60900116
Ghana,,,,,,,,,,,,,,,,,,,,,,,,,,,,,,,,73.79599762,71.81400299,71.03199768,70.21099854,69.42900085,68.64199829,67.83599854,67.04799652,65.22200012,64.83599854,65.12799835,65.41000366,65.68099976,65.93199921,66.16699982,66.39099884,65.69799805,65.08300018,64.35800171,63.72200012,64.07499695,64.3010025,64.55200195,62.65200043,60.77999878,61.8219986,62.89799881,62.92200089,62.9659996,62.21099854,62.40499878
Gibraltar,,,,,,,,,,,,,,,,,,,,,,,,,,,,,,,,,,,,,,,,,,,,,,,,,,,,,,,,,,,,,,
Guinea,,,,,,,,,,,,,,,,,,,,,,,,,,,,,,,,60.7480011,60.69599915,60.67399979,60.64300156,60.64300156,60.58499908,60.55899811,60.53300095,60.5379982,60.55099869,60.52399826,60.52099991,59.32899857,58.17300034,57.00799942,55.81499863,54.67599869,53.45800018,52.21099854,51.05599976,49.85200119,48.64199829,47.4109993,46.19200134,44.97399902,43.81200027,42.59000015,41.34400177,40.12599945,39.38600159,39.11700058
"Gambia, The",,,,,,,,,,,,,,,,,,,,,,,,,,,,,,,,40.59600067,40.40299988,40.24000168,40.41600037,40.63199997,40.85499954,41.09000015,41.28099823,41.51499939,41.70600128,41.9070015,41.99900055,42.29899979,42.47800064,42.53900146,42.72900009,42.93600082,43.13600159,43.29899979,43.44400024,43.4070015,43.73500061,45.40399933,47.08399963,48.88800049,50.64400101,52.45999908,54.29000092,54.29199982,53.3730011,54.25500107
Guinea-Bissau,,,,,,,,,,,,,,,,,,,,,,,,,,,,,,,,46.4280014,46.41600037,46.42599869,46.45700073,46.51300049,46.51800156,46.52799988,46.49300003,46.625,46.68999863,46.74200058,46.79800034,46.87200165,46.95299911,47.03499985,47.07699966,47.13100052,47.18299866,47.23400116,47.28300095,47.30599976,47.30500031,47.34199905,47.36600113,47.4129982,47.43500137,47.4659996,47.4980011,47.54899979,46.93600082,47.09899902
Equatorial Guinea,,,,,,,,,,,,,,,,,,,,,,,,,,,,,,,,45.84700012,45.7480011,45.68600082,45.64099884,45.63600159,45.63899994,45.69200134,45.79600143,45.88600159,45.97299957,45.88899994,45.88899994,45.8769989,45.92900085,45.91999817,46.00899887,46.09700012,46.17300034,46.12799835,45.93700027,46.03699875,46.16199875,46.31600189,46.39699936,46.42200089,46.44599915,46.51800156,46.64199829,46.66500092,44.76300049,45.28699875
Greece,,,,,,,,,,,,,,,,,,,,,,,,,,,,,,,,29.08099937,30.18199921,30.14999962,30.77000046,31.33200073,31.81100082,32.06100082,32.94100189,33.15800095,33.64400101,33.44900131,34.27000046,35.17100143,35.64400101,35.86399841,36.79299927,37.02099991,37.61299896,37.72999954,36.88100052,34.38000107,31.64599991,30.15699959,30.9470005,31.97400093,32.48799896,33.18899918,33.72200012,35.07500076,35.13800049,35.59999847
Grenada,,,,,,,,,,,,,,,,,,,,,,,,,,,,,,,,,,,,,,,,,,,,,,,,,,,,,,,,,,,,,,
Greenland,,,,,,,,,,,,,,,,,,,,,,,,,,,,,,,,,,,,,,,,,,,,,,,,,,,,,,,,,,,,,,
Guatemala,,,,,,,,,,,,,,,,,,,,,,,,,,,,,,,,38.00899887,38.25999832,38.4070015,38.59999847,38.91999817,38.98099899,39.25799942,39.61100006,39.82799911,40.00999832,40.08100128,40.32799911,40.4280014,40.65299988,40.52899933,40.43600082,40.3390007,40.20700073,40.08499908,40.0359993,38.68099976,43.47000122,38.27000046,38.66400146,37.11399841,38.19300079,37.33300018,37.36600113,36.06299973,34.31000137,34.87400055
Guam,,,,,,,,,,,,,,,,,,,,,,,,,,,,,,,,57.63100052,57.49399948,56.67399979,55.66799927,55.63299942,55.54199982,54.9109993,56.00799942,52.875,52.24599838,51.60699844,49.2159996,48.80899811,48.58000183,50.61199951,51.06399918,43.54000092,45.87900162,48.10200119,51.22399902,47.26399994,49.77500153,50.2179985,52.37799835,52.77199936,53.55199814,53.54299927,53.38199997,53.47999954,52.42399979,52.79299927
Guyana,,,,,,,,,,,,,,,,,,,,,,,,,,,,,,,,31.7859993,32.49499893,33.18000031,32.74399948,32.27999878,31.86400032,31.41600037,30.92499924,30.52199936,30.05699921,29.64900017,29.20899963,29.71899986,30.27700043,30.82299995,31.40699959,31.73500061,32.01499939,32.35100174,32.67300034,33.01100159,33.33800125,33.67599869,34.03099823,34.38999939,34.78300095,35.14799881,35.41999817,33.2519989,32.21500015,32.95800018
High income,,,,,,,,,,,,,,,,,,,,,,,,,,,,,,,,45.74217939,45.56575148,45.25213675,45.50091571,45.71456261,45.93221826,46.39808018,46.47591536,46.85217799,47.24854019,47.34399602,47.13331073,47.23445193,47.37824962,47.77254549,48.32206137,48.74394844,48.90754373,48.08913487,47.82894005,47.84951983,47.90388389,48.04102377,48.44933956,48.79617248,49.32217333,49.85047244,50.40847022,50.95323965,49.32423577,50.15606337
"Hong Kong SAR, China",,,,,,,,,,,,,,,,,,,,,,,,,,,,,,,,47.02999878,45.40800095,45.65499878,46.43700027,46.12099838,46.65399933,47.03900146,46.7179985,46.33499908,46.98600006,48.67900085,48.85599899,48.38800049,48.92699814,49.61199951,50.65299988,51.26399994,51.54700089,50.91899872,50.07400131,51.44900131,52.04000092,52.85400009,52.88800049,52.97999954,53.0870018,53.45800018,53.73799896,53.63600159,51.55099869,51.86600113
Honduras,,,,,,,,,,,,,,,,,,,,,,,,,,,,,,,,41.23899841,42.75899887,43.18899918,42.92699814,43.3370018,42.87400055,43.64699936,43.35200119,43.33499908,41.6609993,41.17399979,40.47399902,39.34799957,38.23799896,38.65800095,36.69200134,36.1230011,37.84799957,39.0929985,40.25600052,37.07500076,36.25,40.06299973,41.61600113,42.30500031,41.69599915,42.02299881,46.68700027,43.39899826,40.89300156,42.90800095
Heavily indebted poor countries (HIPC),,,,,,,,,,,,,,,,,,,,,,,,,,,,,,,,59.67962048,59.58015166,59.44789537,59.44639896,59.6591146,59.65018251,59.6030772,59.5843537,59.54266018,59.55072581,59.6874472,59.71740266,59.69033069,59.82550452,59.94550883,59.73528672,59.47631129,59.2166142,58.74799494,58.25876122,57.94902706,57.59795907,57.66190004,57.5315807,57.30623339,57.44063567,57.36937492,57.44340325,57.36947199,55.81761445,58.38512586
Croatia,,,,,,,,,,,,,,,,,,,,,,,,,,,,,,,,41.11500168,40.93700027,40.84600067,40.61899948,40.5909996,40.5870018,40.38100052,39.32899857,38.06200027,36.65100098,36.23799896,36.32500076,36.08000183,36.90999985,36.66699982,37.32899857,40.02600098,41.01499939,41.7159996,40.46500015,38.49100113,37.42100143,37.10900116,37.93700027,38.93799973,39.14699936,40.11700058,41.22600174,41.90399933,41.25400162,42.07600021
Haiti,,,,,,,,,,,,,,,,,,,,,,,,,,,,,,,,51.7519989,51.78499985,51.88499832,51.94100189,52.22200012,52.15800095,52.13299942,52.12099838,52.1230011,51.32500076,50.82400131,50.33599854,49.85100174,49.27299881,48.80899811,48.36199951,47.97100067,48.5340004,49.18999863,49.60100174,50.54000092,50.72399902,51.09400177,51.38999939,51.56600189,51.70299911,51.91500092,52.04199982,51.80699921,50.49900055,50.67900085
Hungary,,,,,,,,,,,,,,,,,,,,,,,,,,,,,,,,42.76900101,42.16999817,39.64699936,38.38700104,36.86399841,36.08499908,35.72999954,36.93199921,38.58200073,39.03900146,38.98799896,39.13700104,39.95100021,39.60200119,39.79499817,39.85499954,39.59799957,39.27899933,38.54800034,38.91400146,38.85800171,39.82099915,40.17599869,42.40299988,43.64500046,45.20100021,45.7879982,46.38199997,46.67699814,46.00500107,50.18899918
IBRD only,,,,,,,,,,,,,,,,,,,,,,,,,,,,,,,,49.17053069,49.08756742,48.64762041,48.40774825,48.16538618,47.91416938,47.74455818,47.64764041,47.63636637,47.59893468,47.17389349,46.71169567,46.34900798,46.1245815,45.98490414,45.85760143,45.88824851,45.56381248,45.17530207,44.83702643,44.69732343,44.51214441,44.00449853,43.58389096,43.15931441,42.72396756,42.32940187,41.99091095,42.73971309,40.38714969,41.60203618
IDA & IBRD total,,,,,,,,,,,,,,,,,,,,,,,,,,,,,,,,48.84373971,48.76945189,48.39975268,48.20302479,47.97225235,47.76642909,47.63708442,47.54250748,47.53501721,47.50318038,47.13865194,46.7521903,46.46238181,46.29139177,46.18495571,46.06853129,46.07443741,45.79846485,45.47935002,45.21906855,45.10010104,44.88633082,44.45594665,44.15825024,43.84791523,43.51456286,43.2586597,43.00846169,43.63374791,41.5604799,42.76968735
IDA total,,,,,,,,,,,,,,,,,,,,,,,,,,,,,,,,47.24611087,47.22665841,47.20861415,47.2286215,47.06150493,47.0756527,47.13843592,47.0589858,47.07347109,47.07155749,46.9813855,46.93120114,46.95891962,47.0151027,47.04459316,46.96495114,46.85597058,46.77136935,46.72376657,46.76068452,46.70267056,46.35626495,46.20929906,46.36352471,46.45909773,46.47118577,46.6818328,46.69749927,46.82188298,45.6741376,47.03959736
IDA blend,,,,,,,,,,,,,,,,,,,,,,,,,,,,,,,,41.32342673,41.43962442,41.51678522,41.5341699,40.77169186,40.98177314,41.4090091,41.34629402,41.4954204,41.68927984,41.63681415,41.69752432,42.06157396,42.41036233,42.6627987,42.91766125,43.06823198,43.08513069,43.37954204,43.61413653,43.72315679,42.95995901,42.20545773,42.43259083,42.46357694,42.23780843,41.95374488,41.67600677,42.12686966,41.23704411,41.86623448
Indonesia,,,,,,,,,,,,,,,,,,,,,,,,,,,,,,,,47.98799896,48.81600189,47.85800171,47.99300003,47.81700134,47.61800003,46.95000076,47.89599991,47.58100128,48.13899994,46.23500061,44.2179985,43.80599976,42.83599854,41.39300156,41.68099976,44.84999847,46.24900055,46.87900162,47.66799927,48.09999847,48.97999954,48.50500107,48.63100052,48.48699951,48.93600082,50.09199905,50.86800003,52.10499954,51.16500092,50.39400101
IDA only,,,,,,,,,,,,,,,,,,,,,,,,,,,,,,,,50.19663959,50.10389829,50.02985916,50.05073175,50.18216885,50.11094513,50.00456094,49.92588767,49.87904615,49.79248709,49.69754648,49.59076406,49.44214596,49.34831419,49.2626184,49.01080143,48.76970885,48.63486487,48.41573952,48.35447887,48.21147318,48.07170033,48.22586639,48.33712858,48.45845306,48.58125916,49.02975288,49.18337281,49.13794967,47.85638229,49.81884942
Isle of Man,,,,,,,,,,,,,,,,,,,,,,,,,,,,,,,,,,,,,,,,,,,,,,,,,,,,,,,,,,,,,,
India,,,,,,,,,,,,,,,,,,,,,,,,,,,,,,,,25.93400002,25.98500061,26.08799934,26.21999931,26.51799965,26.8239994,27.15099907,27.45599937,27.76099968,28.11300087,27.96100044,27.82799911,27.67300034,27.54899979,27.43499947,27.21199989,26.99300003,26.79899979,26.5510006,26.32699966,25.58799934,24.83799934,23.78899956,22.76399994,21.7670002,20.79800034,19.86300087,18.95199966,22.28300095,20.71199989,21.40299988
Not classified,,,,,,,,,,,,,,,,,,,,,,,,,,,,,,,,,,,,,,,,,,,,,,,,,,,,,,,,,,,,,,
Ireland,,,,,,,,,,,,,,,,,,,,,,,,,,,,,,,,32.53099823,32.95800018,34.13800049,35.46699905,37.0320015,38.48099899,40.1590004,43.53099823,46.24000168,47.94499969,48.47499847,49.38600159,49.70999908,49.99900055,52.36800003,53.02600098,54.1609993,53.5890007,50.77799988,48.94900131,48.09600067,47.78699875,48.40800095,48.95199966,49.9640007,51.36899948,52.15499878,52.84799957,53.61199951,51.98199844,54.29800034
"Iran, Islamic Rep.",,,,,,,,,,,,,,,,,,,,,,,,,,,,,,,,7.538000107,7.822999954,8.133999825,8.453000069,8.798999786,9.152000427,9.62100029,10.11699963,10.62100029,11.15699959,11.67399979,12.24499989,13.49400043,14.78299999,15.37699986,15.04599953,14.24199963,12.24400043,13.00599957,11.98799992,10.76599979,11.78299999,10.6079998,10.32900047,11.46199989,12.74600029,13.86900043,14.10599995,13.93000031,11.64400005,12.19499969
Iraq,,,,,,,,,,,,,,,,,,,,,,,,,,,,,,,,7.78399992,7.847000122,7.895999908,7.933000088,7.972000122,8.020000458,8.06099987,8.342000008,8.631999969,8.934000015,9.237999916,9.553999901,9.890000343,10.25599957,10.6079998,10.98700047,11.3739996,11.18999958,10.99300003,10.80099964,10.60900021,10.42399979,10.60299969,10.74600029,11.07400036,11.42399979,7.861999989,8.140000343,8.416000366,7.980999947,7.839000225
Iceland,,,,,,,,,,,,,,,,,,,,,,,,,,,,,,,,65.875,65.42900085,65.20999908,65.65100098,67.99900055,67.42500305,66.13700104,67.58499908,70.31500244,71.8730011,71.08599854,70.17700195,69.41400146,68.66500092,69.18000031,69.41300201,69.98999786,69.1780014,66.34799957,65.85800171,65.80200195,66.84700012,67.79599762,68.74199677,70.23899841,71.10199738,70.6210022,69.76699829,68.80599976,65.28500366,64.66600037
Israel,,,,,,,,,,,,,,,,,,,,,,,,,,,,,,,,39.10800171,39.8370018,41.85200119,44.5,46.14799881,46.48899841,45.81999969,45.57600021,46.41500092,47.49900055,47.27099991,46.49499893,46.68600082,47.13399887,48.84400177,49.49700165,50.63600159,51.77299881,51.8769989,52.89400101,53.14799881,54.04299927,54.57600021,55.6780014,55.91199875,56.42699814,56.67499924,57.4070015,57.20999908,55.79199982,56.80400085
Italy,,,,,,,,,,,,,,,,,,,,,,,,,,,,,,,,30.29899979,29.25699997,28.53899956,28.35899925,28.12000084,28.44199944,28.57099915,28.93899918,29.625,30.3939991,31.50600052,32.15499878,32.89699936,34.50699997,34.25099945,34.85800171,34.98099899,35.40200043,34.72200012,34.52000046,34.7480011,35.02500153,34.50600052,34.60400009,34.73899841,35.29000092,35.86199951,36.25899887,36.66899872,35.77399826,35.8370018
Jamaica,,,,,,,,,,,,,,,,,,,,,,,,,,,,,,,,57.69200134,57.32400131,57.07500076,56.60300064,56.18700027,55.68199921,55.14899826,54.57300186,53.73300171,52.94599915,52.15999985,51.77899933,51.42200089,51.41999817,51.28300095,51.15100098,50.9620018,50.74900055,48.85800171,47.23699951,47.29600143,47.17399979,47.28699875,48.29199982,52.01200104,51.27600098,53.10300064,54.47499847,56.26100159,53.54899979,55.97900009
Jordan,,,,,,,,,,,,,,,,,,,,,,,,,,,,,,,,7.739999771,7.872000217,7.887000084,7.980000019,8.114999771,8.791999817,8.937000275,9.095999718,9.258999825,9.421999931,9.05300045,9.350999832,8.663000107,8.586999893,8.479999542,8.720999718,10.72900009,10.56799984,11.09799957,11.36999989,11.41499996,11.14099979,10.09200001,9.708999634,10.47700024,11.39799976,12.04500008,11.09000015,10.36900043,11.15400028,10.77999973
Japan,,,,,,,,,,,,,,,,,,,,,,,,,,,,,,,,49.55899811,49.58100128,48.97700119,48.64199829,48.33100128,48.33399963,48.68999863,48.07500076,47.37200165,47.01100159,46.77099991,46.01599884,45.85200119,46.08000183,46.29000092,46.54000092,46.59899902,46.5379982,46.15399933,46.14799881,46.13000107,46.11600113,46.98199844,47.54800034,47.91600037,48.82099915,49.70800018,51.23600006,52.12200165,51.87200165,52.18500137
Kazakhstan,,,,,,,,,,,,,,,,,,,,,,,,,,,,,,,,64.4489975,64.55000305,64.80599976,60.4679985,58.13499832,56.54800034,56.3730011,56.27899933,55.88199997,56.06700134,57.40499878,57.70700073,58.31800079,58.45800018,58.45700073,59.04600143,60.19100189,61.44400024,61.63000107,62.17900085,62.41500092,62.1780014,62.52899933,62.58300018,62.60300064,62.50299835,62.49700165,62.47299957,62.49900055,60.27500153,60.81800079
Kenya,,,,,,,,,,,,,,,,,,,,,,,,,,,,,,,,67.24700165,67.33000183,67.45999908,67.60500336,67.74199677,67.83799744,67.88300323,67.97899628,68.0510025,68.10700226,68.20700073,68.25,68.34300232,68.43299866,68.51300049,68.58999634,68.66600037,68.68399811,68.78500366,68.89900208,68.94999695,69.02200317,69.09300232,69.18000031,69.25700378,69.33000183,68.94499969,68.59100342,68.21600342,67.19000244,67.84899902
Kyrgyz Republic,,,,,,,,,,,,,,,,,,,,,,,,,,,,,,,,50.93500137,52.43000031,54.15599823,56.71500015,57.40499878,56.62400055,55.5909996,55.51100159,55.20100021,54.6609993,54.12599945,54.21099854,53.26399994,52.35599899,52.69100189,52.97000122,52.57400131,52.22000122,51.2840004,50.9620018,51.27199936,50.24599838,47.60400009,48.72600174,48.24599838,46.66600037,44.27000046,42.5530014,43.57899857,43.0530014,42.75400162
Cambodia,,,,,,,,,,,,,,,,,,,,,,,,,,,,,,,,73.53299713,73.18900299,73.01599884,76.04100037,76.24099731,75.92500305,75.08000183,74.26000214,73.51000214,72.60099792,71.68000031,70.7440033,69.83100128,68.89600372,67.9509964,66.93299866,65.91600037,65.09999847,64.23999786,63.02199936,62.13899994,61.02700043,62.25099945,63.375,64.73500061,65.66600037,67.30200195,68.46199799,69.60099792,68.83799744,69.43099976
Kiribati,,,,,,,,,,,,,,,,,,,,,,,,,,,,,,,,,,,,,,,,,,,,,,,,,,,,,,,,,,,,,,
St. Kitts and Nevis,,,,,,,,,,,,,,,,,,,,,,,,,,,,,,,,,,,,,,,,,,,,,,,,,,,,,,,,,,,,,,
"Korea, Rep.",,,,,,,,,,,,,,,,,,,,,,,,,,,,,,,,45.89400101,45.81000137,45.71699905,46.62099838,47.3030014,47.84199905,48.36999893,44.1629982,44.9620018,47.56499863,48.29299927,48.9679985,47.82300186,49.00600052,49.08599854,49.52399826,49.60699844,49.33000183,48.38899994,48.52799988,48.80400085,49.04600143,49.40100098,50.28499985,50.47800064,50.65999985,51.19200134,51.18899918,51.82600021,50.97200012,51.61500168
Kuwait,,,,,,,,,,,,,,,,,,,,,,,,,,,,,,,,40.11000061,39.91500092,40.32400131,41.73400116,42.41999817,42.92300034,43.01699829,43.11899948,43.27600098,43.41999817,43.77799988,43.9659996,44.34799957,44.24700165,44.61299896,44.75999832,44.69499969,44.62599945,45.16600037,45.95199966,46.39199829,46.76399994,46.95899963,46.78099823,47.25999832,46.58300018,46.49100113,46.11199951,45.73099899,42.66899872,43.23600006
Latin America & Caribbean (excluding high income),,,,,,,,,,,,,,,,,,,,,,,,,,,,,,,,39.47974723,40.05777622,40.74752435,41.13452152,41.12656843,40.6873896,41.65059405,41.92724128,41.83360894,42.04900994,42.79284359,43.20649699,43.64682213,44.5382931,45.33930359,46.02636844,46.18275314,46.35893957,46.39842369,46.41383013,46.17065401,47.0498356,47.01020637,46.96481854,46.85817802,46.24425227,46.42340095,46.93668041,47.36237462,42.04827608,44.57559452
Lao PDR,,,,,,,,,,,,,,,,,,,,,,,,,,,,,,,,61.14400101,60.95600128,60.70800018,60.35599899,59.97200012,59.7159996,59.4640007,59.31800079,59.13199997,58.91500092,58.74000168,58.56299973,58.38299942,58.19800186,57.99000168,57.73199844,57.50699997,57.3030014,57.12200165,56.92499924,56.50999832,56.11700058,55.74100113,55.38800049,55.06100082,54.75699997,54.47100067,54.3730011,54.29299927,53.66500092,53.75500107
Lebanon,,,,,,,,,,,,,,,,,,,,,,,,,,,,,,,,16.99399948,17.21999931,17.42700005,17.61400032,17.8029995,17.84199905,17.88199997,17.99900055,18.11199951,18.22599983,18.21999931,18.23800087,18.28899956,18.3939991,18.54500008,18.70700073,18.89500046,19.40800095,19.94000053,20.40399933,20.85400009,21.33799934,21.8239994,22.30400085,22.82299995,23.39800072,23.97100067,24.54199982,25.10199928,22.35300064,23.37999916
Liberia,,,,,,,,,,,,,,,,,,,,,,,,,,,,,,,,69.66100311,69.75,69.85399628,69.93000031,70.01200104,70.10399628,70.15200043,70.16699982,70.19599915,70.25900269,70.18399811,70.1740036,70.14399719,70.17900085,70.17299652,70.15799713,70.14199829,70.12000275,70.10900116,70.1210022,70.22399902,70.33499908,70.46199799,70.58699799,70.44400024,70.29699707,70.36100006,70.42099762,70.48200226,69.33699799,69.85900116
Libya,,,,,,,,,,,,,,,,,,,,,,,,,,,,,,,,20.71500015,20.9260006,21.21299934,21.52599907,21.76300049,22.0909996,22.34000015,22.59199905,22.85300064,23.16799927,23.48800087,23.83399963,24.22100067,24.50099945,24.80500031,24.97400093,25.09300041,25.17099953,25.23699951,25.33300018,25.27099991,25.42900085,25.26099968,25.20400047,25.24399948,25.30500031,25.45800018,25.4659996,25.48200035,24.32299995,24.77599907
St. Lucia,,,,,,,,,,,,,,,,,,,,,,,,,,,,,,,,37.24599838,37.72000122,38.05500031,38.3769989,39.75299835,40.88299942,39.00799942,38.22399902,41.59000015,41.64899826,41.2480011,41.15399933,39.44400024,41.82099915,43.61700058,45.83800125,47.45999908,50.49000168,50.13700104,49.67599869,49.18299866,50.79100037,48.1230011,48.91600037,49.61000061,50.40800095,51.14300156,51.2179985,54.01900101,48.1629982,50.06499863
Latin America & Caribbean,,,,,,,,,,,,,,,,,,,,,,,,,,,,,,,,39.23671784,39.8901054,40.57445045,40.83526953,40.83550453,40.38570452,41.31493172,41.61097679,41.40825876,41.63168438,42.32003515,42.54960837,42.91052811,43.85445938,44.84585001,45.59058986,45.810753,46.05524393,46.09303082,46.12781374,45.98646803,46.80684296,46.73947466,46.73509921,46.64529354,46.09186714,46.18970661,46.63111933,46.90614859,41.68190212,44.12976279
Least developed countries: UN classification,,,,,,,,,,,,,,,,,,,,,,,,,,,,,,,,51.42401094,51.33898103,51.24407391,51.2911937,51.44792886,51.45254777,51.39938688,51.37940645,51.3351514,51.24600834,51.17990218,51.05747028,50.90093796,50.83216066,50.74649244,50.53164161,50.38881888,50.27289667,50.03832722,49.80945171,49.64309546,49.42533265,49.41058199,49.4180619,49.50870706,49.56845653,50.03635443,50.1771022,50.18199578,48.88313195,51.07222313
Low income,,,,,,,,,,,,,,,,,,,,,,,,,,,,,,,,59.07040086,59.07713219,58.9310763,58.90914434,59.12395534,59.12797245,59.0782857,59.03072981,58.94859533,58.99284895,59.06415129,58.9984437,58.88143268,58.95797081,58.97477004,58.60891484,58.37678065,58.13019373,57.6975823,57.3391475,57.12764489,56.86939295,56.87172204,56.73883946,56.66700632,56.67433723,56.50626568,56.43470254,56.41799309,55.09867954,57.94100778
Liechtenstein,,,,,,,,,,,,,,,,,,,,,,,,,,,,,,,,,,,,,,,,,,,,,,,,,,,,,,,,,,,,,,
Sri Lanka,,,,,,,,,,,,,,,,,,,,,,,,,,,,,,,,31.66600037,28.57600021,29.41900063,30.11199951,28.71199989,29.16699982,29.45100021,35.64899826,32.61100006,32.15800095,31.95599937,31.16600037,31.00799942,30.77799988,30.92900085,31.41699982,31.47299957,31.58600044,31.19499969,31.43300056,31.58799934,30.64800072,32.70899963,32.05899811,32.74300003,32.89699936,33.87099838,30.86400032,31.62899971,31.04100037,31.29800034
Lower middle income,,,,,,,,,,,,,,,,,,,,,,,,,,,,,,,,35.25518469,35.34896288,35.27312724,35.38507678,35.26825128,35.35335892,35.34901321,35.56425401,35.65154447,35.76734328,35.49483751,35.18165888,35.13205556,35.00702857,34.94924931,34.98904302,35.29912721,35.24703329,35.27573651,35.28716867,34.98603989,34.61497036,34.05396058,33.66417532,33.21703901,32.86650989,32.57440267,32.19083142,33.74456448,32.26131714,32.58518801
Low & middle income,,,,,,,,,,,,,,,,,,,,,,,,,,,,,,,,48.97053693,48.88574497,48.51863992,48.33989865,48.11275281,47.92629237,47.77710741,47.67932318,47.69533036,47.6860206,47.32409284,46.99210543,46.7104605,46.52672893,46.39416202,46.24952758,46.22914923,45.92503184,45.60050459,45.33266772,45.20392644,44.98138043,44.54885829,44.23216222,43.913633,43.56867966,43.30380461,43.04939894,43.6963861,41.6275428,42.84706927
Lesotho,,,,,,,,,,,,,,,,,,,,,,,,,,,,,,,,54.1230011,54.19599915,54.2140007,54.34999847,54.39899826,54.51399994,54.55699921,54.59799957,54.66400146,54.16899872,53.59600067,52.97000122,52.45999908,51.8219986,51.26300049,50.68099976,50.0719986,49.47900009,48.74599838,48.23300171,47.5909996,46.98500061,46.27299881,46.33599854,46.44100189,46.48099899,46.42100143,46.50899887,46.57799911,45.27500153,45.33499908
Late-demographic dividend,,,,,,,,,,,,,,,,,,,,,,,,,,,,,,,,63.15118996,62.99311439,62.56779243,62.04013281,61.81662492,61.34127435,60.99826604,60.64364428,60.64478253,60.64356413,60.17694426,59.75075566,59.18722095,58.93147524,58.72791755,58.49364766,58.30986599,57.88310578,57.30280945,56.96251021,57.03647014,56.99048032,56.78062439,56.73400489,56.5262296,56.18351085,56.00864236,55.89973978,55.68584748,53.11670573,54.86702555
Lithuania,,,,,,,,,,,,,,,,,,,,,,,,,,,,,,,,58.70100021,57.82500076,49.81700134,49.10300064,46.31600189,46.24399948,46.75500107,47.12799835,48.49900055,47.50899887,46.02700043,45.9090004,47.7859993,45.80899811,46.4640007,47.4109993,48.05899811,47.70600128,46.57799911,44.91400146,45.89899826,47.04399872,47.38899994,48.89599991,49.97600174,51.9090004,52.61800003,53.42300034,54.09199905,52.91500092,53.56299973
Luxembourg,,,,,,,,,,,,,,,,,,,,,,,,,,,,,,,,35.0890007,38.01900101,36.41400146,36.74499893,34.34799957,35.39199829,36.84700012,37.01699829,39.45800018,40.04299927,41.49300003,41.95800018,41.62799835,42.22000122,43.66500092,43.99200058,45.26699829,45.19300079,46.86299896,47.24000168,47.11800003,48.82799911,49.15399933,50.36500168,50.56100082,49.97900009,51.95600128,52.52000046,52.7519989,53.04499817,54.8769989
Latvia,,,,,,,,,,,,,,,,,,,,,,,,,,,,,,,,48.68500137,47.99200058,43.25600052,42.09899902,41.95299911,40.95899963,44.64899826,44.70299911,43.27000046,42.49399948,43.9640007,44.82699966,44.72700119,44.51300049,45.63299942,48.71699905,50.17699814,51.1269989,46.82799911,45.1230011,45.72800064,46.74100113,47.99900055,48.15399933,49.43399811,50.35800171,50.9129982,52.19900131,52.63999939,52.04299927,50.74399948
"Macao SAR, China",,,,,,,,,,,,,,,,,,,,,,,,,,,,,,,,43.84400177,45.46099854,47.20500183,48.46900177,49.87400055,51.07300186,53.0870018,52.44100189,52.87400055,53.65800095,53.75999832,53.64099884,50.86299896,52.61000061,54.67300034,56.52799988,60.65200043,61.95299911,62.76200104,62.97000122,64.22100067,64.07299805,64.87000275,65.17299652,64.82099915,64.3259964,63.6969986,64.04399872,63.68899918,61.31800079,63.01100159
St. Martin (French part),,,,,,,,,,,,,,,,,,,,,,,,,,,,,,,,,,,,,,,,,,,,,,,,,,,,,,,,,,,,,,
Morocco,,,,,,,,,,,,,,,,,,,,,,,,,,,,,,,,20.24900055,20.3390007,20.4810009,20.68199921,20.78899956,21.03100014,21.16500092,21.43499947,21.625,21.88999939,22.21800041,21.70000076,21.80500031,22.43799973,22.61000061,23.31500053,23.60199928,23.73399925,23.53199959,23.15099907,22.5739994,21.9640007,22.38299942,22.26199913,21.8579998,20.81900024,20.43799973,20.47999954,20.52499962,19.17499924,18.16500092
Monaco,,,,,,,,,,,,,,,,,,,,,,,,,,,,,,,,,,,,,,,,,,,,,,,,,,,,,,,,,,,,,,
Moldova,,,,,,,,,,,,,,,,,,,,,,,,,,,,,,,,52.63199997,52.38299942,52.64199829,51.93899918,52.1269989,51.46699905,51.29999924,50.99399948,50.81100082,51.56600189,51.71300125,51.21699905,45.99200058,44.90399933,44.66400146,40.52199936,40.54299927,40.17599869,37.77299881,36.42200089,37.11299896,36.56600189,36.99399948,38.88399887,39.77199936,40.16899872,39.10900116,38.35100174,36.5,34.97499847,35.45800018
Madagascar,,,,,,,,,,,,,,,,,,,,,,,,,,,,,,,,79.31600189,79.35299683,79.30699921,79.24199677,79.22299957,79.21600342,79.21600342,79.19200134,79.16500092,79.11599731,79.54499817,79.02400208,78.93699646,80.05500031,81.22599792,80.90599823,80.56999969,80.22799683,79.74500275,79.41600037,81.30500031,83.17700195,82.73999786,82.28600311,81.81800079,81.72499847,81.64199829,81.57099915,81.50800323,80.26699829,80.86499786
Maldives,,,,,,,,,,,,,,,,,,,,,,,,,,,,,,,,21.14900017,22.66200066,24.23399925,25.86400032,27.52700043,29.19499969,30.89299965,32.6269989,34.39400101,36.19499969,35.74599838,35.27000046,34.79100037,34.3409996,33.9280014,33.22499847,32.60699844,31.91399956,31.33200073,32.17100143,33.11000061,34.11199951,35.11199951,36.21099854,37.39599991,38.59000015,39.64500046,40.1570015,40.31900024,37.87200165,39.36600113
Middle East & North Africa,,,,,,,,,,,,,,,,,,,,,,,,,,,,,,,,14.44966425,14.96070569,14.76576751,15.04263294,14.88291487,15.16306784,15.10284866,15.12639386,15.60308224,15.54869764,15.60533238,15.16985407,15.64255179,16.03837794,16.42548015,16.65706489,17.10601472,16.41536507,16.52968756,16.3940651,16.07170881,16.25694872,16.22736462,16.1404138,16.47896555,16.9277072,16.59346094,16.19800829,15.89772981,15.14115107,15.10016717
Mexico,,,,,,,,,,,,,,,,,,,,,,,,,,,,,,,,32.75099945,33.54700089,34.41400146,34.55599976,34.28300095,35.02000046,37.1230011,37.32500076,37.12900162,37.57099915,36.95600128,36.86800003,37.25799942,38.01599884,39.58000183,40.72200012,41.0320015,40.85400009,40.74900055,40.6780014,41.06000137,42.15399933,42.10200119,41.23699951,41.75500107,42.01599884,41.76699829,42.41500092,43.74599838,39.77500153,42.51399994
Marshall Islands,,,,,,,,,,,,,,,,,,,,,,,,,,,,,,,,,,,,,,,,,,,,,,,,,,,,,,,,,,,,,,
Middle income,,,,,,,,,,,,,,,,,,,,,,,,,,,,,,,,48.45839264,48.3631994,47.97642663,47.78706816,47.52550391,47.32538074,47.16975075,47.06920223,47.08261529,47.06841427,46.6823046,46.32979903,46.03249832,45.82977948,45.685134,45.55728692,45.55922862,45.24901079,44.92507713,44.65804924,44.52334656,44.29258254,43.80551997,43.45221395,43.09283653,42.7110747,42.41504344,42.13125919,42.82671848,40.66868493,41.78849412
North Macedonia,,,,,,,,,,,,,,,,,,,,,,,,,,,,,,,,31.36300087,30.36700058,29.46299934,27.96999931,25.3920002,23.73500061,24.26399994,25.4829998,27.20499992,27.07900047,28.25799942,28.1420002,27.70000076,27.02700043,26.88699913,26.34799957,27.55500031,28.05599976,28.64900017,28.53700066,30.11300087,29.87700081,31.51199913,31.21100044,32.4620018,32.50999832,33.18099976,34.22100067,36.62900162,36.65999985,36.60900116
Mali,,,,,,,,,,,,,,,,,,,,,,,,,,,,,,,,59.6609993,59.60300064,59.6230011,59.63399887,59.64400101,59.63999939,59.62900162,59.64400101,59.64699936,59.63299942,59.65800095,59.60300064,59.60699844,59.5719986,59.58000183,59.52899933,59.49200058,59.47100067,59.45299911,59.44599915,59.39199829,59.34799957,59.3429985,59.35400009,60.40999985,58.77099991,57.04399872,57.00600052,57.05199814,48.83200073,51.51599884
Malta,,,,,,,,,,,,,,,,,,,,,,,,,,,,,,,,25.22400093,25.69300079,26.20800018,26.40500069,26.54999924,27.07799911,27.63599968,27.69599915,27.97299957,27.37100029,26.55200005,27.60099983,26.7329998,25.09600067,26.96199989,27.2140007,29.04299927,30.31299973,30.43799973,31.31699944,32.66899872,35.44499969,37.94300079,39.93700027,40.51300049,42.23099899,44.14099884,46.98099899,48.23500061,49.63999939,51.03499985
Myanmar,,,,,,,,,,,,,,,,,,,,,,,,,,,,,,,,68.30899811,67.33899689,66.77999878,66.03800201,65.37799835,64.78299713,64.28700256,63.77500153,62.75,61.47499847,60.44100189,59.36700058,58.18000031,57.06200027,55.99100113,55.00899887,54.15000153,53.44599915,52.76599884,52.19100189,51.8769989,51.48500061,51.06700134,50.68700027,50.34799957,48.61299896,46.80500031,47.97900009,46.08200073,43.77000046,
Middle East & North Africa (excluding high income),,,,,,,,,,,,,,,,,,,,,,,,,,,,,,,,13.51659407,14.0231091,13.72451771,13.94167165,13.7057781,13.98542173,13.9169875,13.92726917,14.40626429,14.33489798,14.40131136,13.9403448,14.4239563,14.8257911,15.17185281,15.35000556,15.78522931,14.92976733,15.02982931,14.7355667,14.26569405,14.39319965,14.29946113,14.13270155,14.40998554,14.80462715,14.57888911,13.95419544,13.40413573,12.28521405,12.47058515
Montenegro,,,,,,,,,,,,,,,,,,,,,,,,,,,,,,,,30.43600082,30.58499908,30.68000031,29.83099937,29.35400009,28.87599945,29.04800034,28.82699966,29.11899948,28.65600014,28.50600052,28.2840004,28.04999924,27.75399971,27.50399971,30.40500069,33.43799973,34.4659996,33.64899826,33.47999954,33.71699905,34.69100189,35.47100067,37.86299896,39.4620018,39.51900101,39.49900055,40.91600037,42.18299866,37.97000122,39.92900085
Mongolia,,,,,,,,,,,,,,,,,,,,,,,,,,,,,,,,52.64599991,53.12400055,53.42699814,53.45100021,53.26499939,53.15100098,53.06100082,52.9659996,52.89099884,52.86500168,52.81900024,52.70899963,52.36000061,52.22399902,51.97600174,51.80400085,51.63800049,51.18500137,50.39899826,50.97499847,52.47399902,52.45500183,51.41899872,51.97399902,51.59700012,49.72299957,50.82300186,49.40800095,53.01699829,50.12400055,47.40100098
Northern Mariana Islands,,,,,,,,,,,,,,,,,,,,,,,,,,,,,,,,,,,,,,,,,,,,,,,,,,,,,,,,,,,,,,
Mozambique,,,,,,,,,,,,,,,,,,,,,,,,,,,,,,,,85.22499847,85.33999634,85.52500153,85.6210022,85.71199799,85.73699951,85.7460022,85.21700287,84.69300079,84.11699677,83.61699677,83.05799866,82.49299622,81.93699646,81.36299896,80.8030014,80.21099854,79.61599731,79.01000214,78.40299988,77.79199982,77.16699982,76.53199768,75.89299774,75.23799896,75.26300049,75.31800079,75.38200378,75.44599915,74.53199768,74.51999664
Mauritania,,,,,,,,,,,,,,,,,,,,,,,,,,,,,,,,22.27899933,22.54299927,22.82500076,23.05900002,23.38599968,23.64699936,23.88400078,24.19599915,24.48399925,24.73800087,24.66900063,24.61100006,24.56399918,24.48200035,24.42399979,24.38800049,24.21899986,24.14599991,24.0720005,24.01300049,23.95499992,23.89599991,23.76399994,23.61499977,23.46800041,23.29999924,23.16600037,23.19000053,23.22800064,22.84399986,22.80699921
Mauritius,,,,,,,,,,,,,,,,,,,,,,,,,,,,,,,,33.22100067,33.27999878,33.27999878,33.3030014,33.36299896,33.50600052,33.64099884,33.76599884,33.84199905,33.97800064,31.88199997,33.26499939,35.84600067,34.22900009,34.22299957,34.77399826,34.36500168,35.86299896,36.38899994,37.4640007,37.19400024,37.55699921,39.49700165,39.86199951,40.93600082,40.19200134,40.61100006,40.75299835,41.40599823,40.43299866,40.58399963
Malawi,,,,,,,,,,,,,,,,,,,,,,,,,,,,,,,,74.18199921,74.03600311,74.17299652,74.01399994,74.19300079,74.04399872,73.93399811,73.85399628,73.79100037,73.75299835,73.64800262,73.6780014,73.70300293,73.6969986,73.67099762,72.34400177,70.98300171,69.50900269,67.99500275,66.40799713,64.76300049,63.9129982,63.09899902,62.27700043,61.42100143,60.57300186,59.72900009,59.82799911,59.94200134,59.04199982,58.97600174
Malaysia,,,,,,,,,,,,,,,,,,,,,,,,,,,,,,,,41.48699951,41.46300125,41.28499985,41.58300018,41.95100021,42.60699844,42.625,42.20600128,42.29899979,42.52000046,42.07799911,42.05500031,42.09000015,42.01399994,42.02299881,42.14400101,42.14899826,41.45600128,41.97000122,41.95199966,43.68999863,45.08499908,47.58800125,48.6590004,48.93399811,48.81600189,49.20700073,49.70500183,50.20299911,49.23799896,49.88899994
North America,,,,,,,,,,,,,,,,,,,,,,,,,,,,,,,,52.3301893,52.28735188,52.58152329,53.69504004,54.13025975,54.4931017,55.2596447,55.61862254,56.01182827,56.34293727,55.92346474,55.34433415,55.28854988,55.22666512,55.47629426,55.8583979,55.94836605,55.64972044,53.94852592,53.17774903,52.79631927,52.89025848,52.96462761,53.30271513,53.5409087,53.86075926,54.38035144,54.70368575,55.18754914,51.35399563,53.0681791
Namibia,,,,,,,,,,,,,,,,,,,,,,,,,,,,,,,,39.10699844,38.75400162,38.31900024,38.02700043,36.92699814,35.80699921,34.72499847,35.47000122,36.23400116,37.00400162,36.91199875,36.88199997,36.79000092,36.81499863,37.14599991,37.68999863,38.14400101,38.58499908,39.0320015,39.59799957,41.27799988,43,46.44300079,45.5530014,43.59700012,41.63700104,43.36199951,45.11700058,45.0320015,43.82099915,44.0929985
New Caledonia,,,,,,,,,,,,,,,,,,,,,,,,,,,,,,,,46.49399948,46.14799881,46.08599854,46.2480011,46.65399933,46.18299866,46.5359993,46.09600067,46.50299835,46.74000168,46.86000061,47.01900101,47.39500046,47.49599838,47.86999893,48.51699829,48.79399872,48.74499893,49.10599899,49.64400101,49.70600128,49.61999893,49.68099976,49.68700027,49.18500137,48.63199997,48.19200134,47.59999847,47.00500107,46.30899811,46.14400101
Niger,,,,,,,,,,,,,,,,,,,,,,,,,,,,,,,,68.24500275,68.24299622,68.23799896,68.2480011,68.25900269,68.23000336,68.22000122,68.23300171,68.18900299,68.17299652,68.15799713,67.81400299,67.47000122,67.1309967,66.86199951,67.09400177,67.33200073,67.61599731,67.86299896,68.15200043,68.40799713,64.32299805,63.08399963,61.83499908,61.83100128,61.82600021,61.82400131,61.83000183,61.83599854,61.19599915,61.41799927
Nigeria,,,,,,,,,,,,,,,,,,,,,,,,,,,,,,,,54.17300034,54.23899841,54.27000046,54.34899902,54.4469986,54.50400162,54.54899979,54.60800171,54.6609993,54.74399948,54.74300003,54.7879982,54.75699997,54.77399826,54.76900101,54.73099899,54.70999908,54.6969986,54.69400024,54.69100189,54.65599823,52.27399826,49.8769989,49.81100082,49.73300171,49.65100098,49.60300064,49.55099869,49.4980011,48.68199921,48.62400055
Nicaragua,,,,,,,,,,,,,,,,,,,,,,,,,,,,,,,,30.07099915,30.03300095,29.93099976,30.19300079,30.69400024,30.97800064,31.21100044,31.46500015,32.24300003,32.98600006,33.74599838,34.50299835,35.29299927,36.00500107,37.70399857,38.86299896,39.64699936,39.64300156,39.51100159,40.46900177,41.95000076,43.43700027,44.42599869,45.18700027,45.68899918,46.64300156,47.39500046,46.04999924,45.52399826,44.31100082,45.59400177
Netherlands,,,,,,,,,,,,,,,,,,,,,,,,,,,,,,,,40.38399887,42.54000092,43.00600052,43.90299988,44.16699982,45.3429985,47.0719986,48.52999878,50.51900101,52.30400085,53.7519989,54.30799866,54.36500168,54.09199905,51.80199814,52.70700073,54.42900085,55.7480011,55.91199875,55.4620018,55.5890007,55.60499954,54.93000031,53.93099976,54.52999878,54.86000061,55.70600128,56.75899887,57.8030014,57.51900101,57.84199905
Norway,,,,,,,,,,,,,,,,,,,,,,,,,,,,,,,,52.48400116,52.27099991,52.2879982,53.05899811,53.56800079,55.32500076,56.80099869,58.68399811,59.17499924,59.25999832,59.38800049,59.98199844,58.77099991,58.9129982,58.3409996,59.00400162,60.5909996,61.76300049,60.95600128,59.92100143,59.79499817,59.95999908,59.59700012,59.40800095,58.90200043,58.56700134,58.13100052,58.34700012,58.54700089,57.7480011,58.9469986
Nepal,,,,,,,,,,,,,,,,,,,,,,,,,,,,,,,,18.41200066,18.53899956,18.68799973,18.82699966,19.04299927,19.02099991,19.02599907,19.06299973,19.11499977,19.21800041,19.20299911,19.24200058,19.25499916,19.31800079,19.43899918,19.76300049,20.03000069,20.2329998,20.47299957,20.74900055,21.06100082,21.50699997,22.0739994,22.62400055,23.14500046,23.82999992,24.28100014,24.68499947,24.96999931,24.01000023,24.34600067
Nauru,,,,,,,,,,,,,,,,,,,,,,,,,,,,,,,,,,,,,,,,,,,,,,,,,,,,,,,,,,,,,,
New Zealand,,,,,,,,,,,,,,,,,,,,,,,,,,,,,,,,48.97000122,48.74300003,49.07600021,50.74200058,52.18999863,53.58200073,53.1590004,52.62799835,53.44400024,53.97800064,55.13199997,55.76900101,56.26900101,57.08100128,58.26699829,58.71500015,59.22900009,59.29999924,58.06499863,57.33100128,57.81399918,57.49599838,58.44400024,59.50400162,59.68899918,61.09500122,62.13100052,62.82400131,62.91500092,61.94100189,63.56299973
OECD members,,,,,,,,,,,,,,,,,,,,,,,,,,,,,,,,44.57594314,44.38782062,43.93985025,44.35431073,44.55789881,44.77999725,45.19031439,45.27305558,45.51416126,45.777538,45.92774709,45.83806014,45.94269327,45.89429525,46.38597179,46.92101874,47.28822037,47.45868425,46.83507846,46.71630154,46.85169028,47.05893745,47.21781977,47.46888797,47.84332194,48.30486042,48.80978052,49.32875896,49.78972774,47.51445112,48.71771703
Oman,,,,,,,,,,,,,,,,,,,,,,,,,,,,,,,,19.85899925,20.0739994,20.3239994,20.60700035,20.84399986,21.03499985,21.18199921,21.37000084,21.60499954,21.68300056,21.81399918,22.16600037,22.64800072,22.81399918,22.96299934,23.16600037,23.39999962,23.71999931,23.93600082,24.09499931,24.27700043,24.63899994,25.04899979,25.49699974,25.99900055,26.39699936,27.34000015,28.2859993,28.38100052,25.86000061,27.10000038
Other small states,,,,,,,,,,,,,,,,,,,,,,,,,,,,,,,,41.84661464,41.3908701,40.96926201,40.82985026,40.68812994,40.55458121,40.55122901,40.62796433,40.85993108,41.1008051,40.75156657,40.98738873,41.15503857,41.19416117,41.45442629,41.99743126,42.3627677,42.60080808,42.41697444,42.18379961,42.40793292,42.76254519,43.18810967,43.47575334,43.81047733,43.92991289,44.52226492,45.10040639,45.34764884,44.06132154,44.56380148
Pakistan,,,,,,,,,,,,,,,,,,,,,,,,,,,,,,,,13.73600006,13.74499989,14.10900021,14.40299988,12.48600006,13.63399982,14.85999966,15.16899967,15.60900021,16.05999947,16.10899925,16.15399933,16.90999985,17.68799973,18.25499916,18.84799957,19.22200012,19.70800018,20.86599922,21.8560009,22.0340004,22.00600052,21.96899986,22.48500061,22.50200081,21.90999985,21.32500076,20.73200035,21.95599937,21.06999969,22.3239994
Panama,,,,,,,,,,,,,,,,,,,,,,,,,,,,,,,,34.81900024,35.93600082,37.07400131,37.91899872,38.95700073,39.20000076,39.44300079,38.9109993,39.5340004,40.42200089,41.30699921,42.2120018,42.63199997,42.69100189,43.38399887,41.97999954,42.4679985,43.37799835,44.22600174,43.22900009,43.09799957,45.20600128,46.52399826,46.47999954,47.34899902,47.41600037,46.99499893,48.61299896,49.97800064,41.77700043,47.62099838
Peru,,,,,,,,,,,,,,,,,,,,,,,,,,,,,,,,41.52500153,41.22100067,42.59500122,43.98799896,46.7879982,49.12799835,51.60900116,52.21900177,54.7859993,50.89899826,55.63899994,57.14199829,59.03699875,59.64899826,61.11899948,64.29199982,66.89600372,67.04799652,67.65100098,69.06600189,68.53399658,68.33599854,67.49199677,67.00700378,65.45899963,65.09300232,66.73999786,67.20200348,67.47599792,55.73199844,61.28699875
Philippines,,,,,,,,,,,,,,,,,,,,,,,,,,,,,,,,45.5909996,45.69800186,45.73699951,45.67599869,45.56900024,45.43000031,45.29100037,45.31299973,45.34000015,45.25799942,45.19200134,45.1570015,45.07600021,44.74000168,45.29600143,45.36899948,45.65599823,45.00099945,45.72499847,46.14300156,46.92100143,46.51499939,46.36199951,47.15000153,46.9640007,46.66999817,43.6780014,44.15800095,45.22800064,41.36399841,42.96500015
Palau,,,,,,,,,,,,,,,,,,,,,,,,,,,,,,,,,,,,,,,,,,,,,,,,,,,,,,,,,,,,,,
Papua New Guinea,,,,,,,,,,,,,,,,,,,,,,,,,,,,,,,,70.70800018,69.91000366,68.90699768,68.57099915,68.875,68.64700317,68.98100281,69.44200134,69.54599762,69.87000275,67.88300323,65.78800201,63.63499832,61.39500046,59.11600113,56.7519989,54.36899948,51.89099884,49.49100113,47.06000137,47.03099823,46.93099976,46.84400177,46.42499924,46.2120018,46.07300186,46.0019989,46.06200027,45.94200134,45.43899918,45.56700134
Poland,,,,,,,,,,,,,,,,,,,,,,,,,,,,,,,,45.90100098,45.29600143,44.34400177,43.87799835,43.67900085,43.57400131,43.3370018,43.69100189,42.72499847,40.79800034,40.07899857,38.7140007,38.61299896,38.125,38.66999817,39.71900177,41.59700012,43.02700043,43.30199814,43.45700073,43.40499878,43.50600052,43.41500092,44.50400162,45.29899979,46.03099823,46.78099823,47.37400055,47.2159996,47.0890007,48.58100128
Pre-demographic dividend,,,,,,,,,,,,,,,,,,,,,,,,,,,,,,,,56.8805057,56.86524844,56.73004062,56.71073078,56.82808276,56.81196972,56.75384256,56.73188977,56.71352474,56.72652283,56.75089501,56.70459207,56.60130796,56.63727091,56.63395575,56.47141677,56.40618782,56.15680566,55.72582766,55.08770482,54.83985496,54.01919277,53.42990271,53.29598306,53.26842183,53.32173647,52.98404866,53.02085107,53.07149063,51.70796684,53.63535388
Puerto Rico,,,,,,,,,,,,,,,,,,,,,,,,,,,,,,,,27.12899971,27.69099998,29.48800087,29.91300011,29.90699959,30.0359993,30.63299942,30.57999992,32.93500137,32.15999985,32.11000061,32.27700043,32.81499863,33.11500168,33.77999878,33.92200089,33.49300003,32.67300034,30.54700089,29.59700012,28.84700012,28.79299927,28.6439991,28.54999924,28.84199905,28.74200058,28.62800026,29.09199905,29.35700035,28.68000031,28.98800087
"Korea, Dem. People's Rep.",,,,,,,,,,,,,,,,,,,,,,,,,,,,,,,,65.81300354,66.35099792,66.67500305,66.8259964,67.21499634,67.5039978,67.98500061,68.01200104,67.53199768,67.56800079,67.33699799,67.35099792,67.26100159,67.18599701,67.00299835,67.16899872,67.26899719,67.14800262,67.22899628,67.36199951,67.26999664,67.22799683,67.1760025,67.18000031,67.2519989,66.9940033,67.28399658,67.64800262,67.67500305,66.23100281,67.13600159
Portugal,,,,,,,,,,,,,,,,,,,,,,,,,,,,,,,,46.98099899,46.9659996,46.29199982,45.64199829,45.58200073,45.12099838,45.64699936,48.93099976,49.64699936,50.20800018,50.79600143,51.19100189,50.79999924,50.39599991,50.52199936,50.5929985,50.64899826,50.94200134,50.04299927,49.24900055,47.49100113,46.20600128,45.27500153,46.09799957,46.88899994,47.52600098,49.00500107,50.43399811,50.86800003,49.81299973,50.11199951
Paraguay,,,,,,,,,,,,,,,,,,,,,,,,,,,,,,,,49.14300156,49.60800171,49.62200165,50.43600082,51.11299896,48.49700165,49.85900116,50.54600143,49.5719986,47.55799866,48.13999939,45.60800171,47.22100067,52.12599945,52.18999863,47.60699844,50.44300079,50.55899811,51.47299957,49.84899902,50.99100113,56.6230011,54.83300018,50.70500183,52.13399887,52.69300079,53.75400162,54.95000076,55.25600052,51.4129982,54.13199997
West Bank and Gaza,,,,,,,,,,,,,,,,,,,,,,,,,,,,,,,,11.10700035,11.14500046,11.15200043,11.17399979,11.1960001,11.19900036,11.25599957,11.32600021,11.40200043,11.46199989,9.071000099,8.81099987,10.64500046,10.98999977,10.68299961,11.77900028,12.88799953,11.86600018,11.67500019,11.03199959,12.14099979,11.98600006,11.50699997,12.24499989,11.85099983,10.84599972,10.13799953,10.29699993,10.84500027,9.87100029,10.05799961
Pacific island small states,,,,,,,,,,,,,,,,,,,,,,,,,,,,,,,,48.45431108,48.73444667,48.98637073,49.22657505,49.24961564,49.31504921,49.1547423,49.06491916,49.01496986,48.92932442,49.01203889,49.05415631,48.92614711,48.85993188,48.55513405,49.51238863,50.42927524,51.37271852,52.34014011,53.39688413,54.38745727,53.76928117,53.32769049,52.85650181,52.28677635,51.66289146,51.74748941,51.91568711,52.11539386,51.52187133,51.8793976
Post-demographic dividend,,,,,,,,,,,,,,,,,,,,,,,,,,,,,,,,46.42484238,46.2115877,45.89364741,46.18252451,46.28228466,46.45921527,46.86273412,46.88726772,47.30610669,47.83367565,48.0394363,48.05463483,48.21091662,48.39438948,48.8418939,49.36449361,49.76986894,49.90384864,49.09132622,48.77523116,48.74536506,48.77522283,48.92097048,49.25675678,49.57427028,50.08557878,50.64965625,51.17868579,51.71986408,49.93596289,50.81220288
French Polynesia,,,,,,,,,,,,,,,,,,,,,,,,,,,,,,,,41.89400101,41.71500015,41.63399887,41.65000153,41.61199951,41.56600189,41.54800034,41.63499832,41.47600174,41.39899826,41.22299957,41.17100143,41.22299957,41.17399979,41.14099884,41.11999893,41.15000153,41.40499878,41.56100082,41.94100189,42.23500061,42.62599945,42.66899872,42.6780014,42.77399826,42.86399841,43.01300049,43.0530014,43.11700058,42.00999832,42.42100143
Qatar,,,,,,,,,,,,,,,,,,,,,,,,,,,,,,,,45.32899857,45.0019989,45.26300049,45.29899979,45.44200134,45.43500137,43.95199966,43.43099976,43.44499969,43.29499817,43.92699814,44.23300171,44.86999893,44.58300018,45.24900055,46.20500183,48.16500092,48.35800171,48.14899826,49.35499954,50.75299835,51.50799942,52.52399826,54.18799973,55.77500153,56.52500153,57.23099899,58.11199951,58.91199875,59.47999954,59.59999847
Romania,,,,,,,,,,,,,,,,,,,,,,,,,,,,,,,,57.77600098,58.0379982,56.91199875,55.9679985,55.30099869,53.22999954,56.1609993,55.39799881,55.43399811,54.49300003,53.67699814,47.40499878,45.96500015,45.73099899,43.88800049,44.94599915,44.92900085,44.65399933,43.93899918,43.36000061,43.13399887,43.45899963,43.125,43.40999985,42.64599991,42.28499985,44.09199905,44.11500168,44.09899902,43.29800034,39.04000092
Russian Federation,,,,,,,,,,,,,,,,,,,,,,,,,,,,,,,,55.74900055,55.11199951,52.79800034,49.79100037,48.68099976,47.85599899,45.81100082,44.45299911,47.47100067,48.98300171,48.90100098,50.17200089,49.79000092,50.54700089,51.23899841,51.74700165,52.87599945,52.70800018,51.94100189,52.13999939,52.83100128,53.34000015,53.03099823,53.10800171,52.60599899,52.74000168,52.57500076,52.86299896,52.5719986,51.77399826,52.625
Rwanda,,,,,,,,,,,,,,,,,,,,,,,,,,,,,,,,45.13000107,45.50099945,45.90299988,46.57500076,47.36399841,47.30199814,47.19400024,46.96900177,46.75,46.67399979,46.75,46.88299942,46.91999817,47.09000015,47.20800018,47.27500153,47.30699921,47.36399841,47.35200119,47.40399933,47.44400024,47.50400162,47.53900146,47.61399841,47.68899918,47.74499893,47.78499985,41.42100143,40.06700134,43.37599945,42.18099976
South Asia,,,,,,,,,,,,,,,,,,,,,,,,,,,,,,,,24.66125148,24.65687411,24.79349551,24.94403078,24.98760707,25.34167041,25.71363491,26.08107587,26.30904051,26.61572166,26.48955773,26.37208633,26.32010087,26.28269326,26.23678558,26.15161795,26.04737025,25.9755176,25.92146468,25.97087213,25.43716971,24.86484172,24.1180572,23.44408464,22.75740223,22.02543593,21.58455211,20.82998766,23.51283079,22.06388275,22.93300463
Saudi Arabia,,,,,,,,,,,,,,,,,,,,,,,,,,,,,,,,13.47000027,13.46700001,13.64299965,13.76599979,13.92500019,14.14099979,14.38399982,14.67000008,14.98200035,14.55799961,14.48900032,14.25899982,14.71199989,15.14400005,15.54300022,15.97099972,15.76299953,15.66699982,15.03999996,15.83600044,16.52400017,16.55400085,16.38999939,16.37199974,17.24799919,18.24399948,15.75399971,17.37899971,19.31200027,23.33399963,21.77899933
Sudan,,,,,,,,,,,,,,,,,,,,,,,,,,,,,,,,19.61300087,20.29800034,21.01399994,21.76000023,22.56599998,23.37599945,23.36000061,23.29100037,23.23800087,23.19599915,23.13800049,23.07600021,23.02199936,22.96899986,22.93300056,22.90600014,22.87800026,22.85099983,21.88599968,20.81999969,19.6760006,19.60000038,19.83499908,19.9640007,20.0890007,20.23699951,20.35499954,20.49500084,20.71199989,19.95499992,20.17399979
Senegal,,,,,,,,,,,,,,,,,,,,,,,,,,,,,,,,30.00799942,30.03899956,30.08799934,30.14500046,30.27700043,30.29199982,30.36499977,30.46899986,30.55699921,30.62199974,30.68099976,30.70599937,30.31100082,29.85300064,29.38699913,28.86800003,28.92300034,28.98900032,29.0340004,29.1079998,29.14999962,29.83200073,30.46100044,31.14299965,31.78199959,37.12599945,34.38899994,35.5359993,36.50999832,35.93799973,36.53499985
Singapore,,,,,,,,,,,,,,,,,,,,,,,,,,,,,,,,44.64799881,44.91899872,45.67900085,46.58200073,47.65299988,48.27199936,49.67100143,49.05400085,49.10699844,50.47399902,50.63499832,48.73500061,49.22900009,49.68500137,50.47999954,51.82300186,52.9469986,53.70299911,53.32300186,55.33599854,56.13700104,56.94300079,57.09400177,58.44900131,59.79800034,59.49000168,58.97000122,59.19900131,60.33800125,59.70399857,61.73799896
Solomon Islands,,,,,,,,,,,,,,,,,,,,,,,,,,,,,,,,80.70700073,80.29199982,80.13800049,79.94599915,79.64199829,79.63700104,79.83300018,79.97599792,80.13899994,80.85600281,81.57499695,81.97499847,81.9509964,81.76999664,81.625,81.51799774,81.43199921,81.30899811,81.26499939,81.31800079,81.31999969,81.54599762,81.6989975,81.77100372,81.85500336,81.75499725,81.63700104,81.5759964,81.63200378,80.78500366,81.44100189
Sierra Leone,,,,,,,,,,,,,,,,,,,,,,,,,,,,,,,,62.93099976,62.85900116,62.88899994,62.89500046,62.90299988,62.9109993,62.92699814,62.99200058,63.02999878,63.05899811,63.05799866,63.14799881,63.16199875,64.40399933,63.40299988,62.39699936,61.39199829,60.36700058,59.3370018,58.31000137,57.27500153,56.25500107,55.22399902,54.13999939,53.15100098,52.25400162,51.2840004,50.3030014,50.4070015,49.80400085,49.59700012
El Salvador,,,,,,,,,,,,,,,,,,,,,,,,,,,,,,,,37.95600128,38.48199844,40.33800125,41.87799835,40.46900177,39.06200027,39.52600098,42.83599854,43.3769989,43.64500046,42.75600052,43.33800125,44.6230011,42.77899933,43.0530014,44.15100098,44.40399933,44.39099884,43.72200012,43.99700165,43.89699936,44.83300018,45.74399948,44.5359993,43.44200134,43.95299911,43.23300171,43.10599899,43.81700134,40.31499863,42.13000107
San Marino,,,,,,,,,,,,,,,,,,,,,,,,,,,,,,,,,,,,,,,,,,,,,,,,,,,,,,,,,,,,,,
Somalia,,,,,,,,,,,,,,,,,,,,,,,,,,,,,,,,16.63800049,16.55800056,16.55800056,16.4260006,16.41300011,16.31900024,16.19099998,16.10400009,16.01499939,15.94400024,15.85099983,15.79599953,15.76299953,15.73999977,15.72399998,15.67300034,15.65100002,15.61100006,15.59399986,15.60400009,15.59599972,15.61999989,15.68500042,15.74400043,15.81799984,15.8380003,15.85299969,15.90400028,15.94200039,15.66300011,15.66399956
Serbia,,,,,,,,,,,,,,,,,,,,,,,,,,,,,,,,41.49700165,41.60699844,41.49700165,40.77999878,40.38399887,40.17699814,39.60100174,39.31200027,39.55500031,39.89099884,39.49100113,38.85100174,38.29000092,34.91899872,33.16400146,33.61199951,35.7179985,37.5359993,35.3409996,33.23799896,31.66300011,31.40200043,32.7159996,34.7519989,35.19200134,38.02899933,39.57500076,40.15999985,41.75099945,42.0870018,42.74700165
Sub-Saharan Africa (excluding high income),,,,,,,,,,,,,,,,,,,,,,,,,,,,,,,,58.52837394,58.56698793,58.6273586,58.74779318,58.94827043,58.97779958,58.95821617,58.98357199,59.00367063,59.10307054,59.19506338,59.30721947,59.3876104,59.55221378,59.68202635,59.58097648,59.45408175,59.25449616,58.88709119,58.01506124,58.12526802,57.52637031,57.14611987,56.96138536,56.93308643,56.95777099,56.94310521,56.86493942,56.87113647,55.68583225,56.00995234
South Sudan,,,,,,,,,,,,,,,,,,,,,,,,,,,,,,,,60.35200119,60.33200073,60.33300018,60.31499863,60.3030014,60.27399826,60.2840004,60.21500015,60.18799973,60.20600128,60.18199921,60.18600082,60.2179985,60.2480011,60.28300095,60.30400085,60.31399918,60.31999969,60.31700134,60.44200134,60.41999817,60.36100006,60.64199829,60.63899994,60.61399841,60.65000153,60.76399994,60.85699844,60.95100021,59.34500122,59.93299866
Sub-Saharan Africa,,,,,,,,,,,,,,,,,,,,,,,,,,,,,,,,58.52837394,58.56698793,58.6273586,58.74779318,58.94827043,58.97779958,58.95821617,58.98357199,59.00367063,59.10307054,59.19506338,59.30721947,59.3876104,59.55221378,59.68202635,59.58097648,59.45408175,59.25449616,58.88709119,58.01506124,58.12526802,57.52637031,57.14611987,56.96138536,56.93308643,56.95777099,56.94310521,56.86493942,56.87113647,55.68583225,56.00995234
Small states,,,,,,,,,,,,,,,,,,,,,,,,,,,,,,,,42.8088777,42.49489704,42.23475278,42.17583535,42.20061315,42.09199525,42.08838524,42.08629505,42.23187957,42.43414799,42.14406281,42.28848262,42.45817177,42.7017221,42.96362346,43.55651622,43.83349611,44.14245383,43.78546327,43.51850514,43.69142679,44.03535124,44.34892881,44.66580623,45.18819643,45.2073595,45.79114387,46.32340316,46.56327621,45.07374069,45.71916252
Sao Tome and Principe,,,,,,,,,,,,,,,,,,,,,,,,,,,,,,,,30.12000084,30.16600037,30.2310009,30.31999969,30.4090004,30.47400093,30.55599976,30.67200089,30.75799942,30.79700089,27.75600052,27.60000038,27.625,28.30599976,27.74399948,27.78199959,28.05900002,28.53100014,28.8010006,29.24099922,29.55599976,29.875,29.88400078,29.9109993,29.89699936,29.9489994,30.01399994,30.08699989,30.17000008,29.25600052,29.38100052
Suriname,,,,,,,,,,,,,,,,,,,,,,,,,,,,,,,,25.98999977,25.71199989,25.10499954,27.76099968,28.9279995,27.125,27.35499954,27.13500023,26.10199928,27.00300026,27.91300011,28.81800079,29.7840004,30.78000069,31.40699959,32.0719986,32.72200012,33.36800003,34.00999832,35.47600174,36.17699814,36.85200119,38.16899872,38.44400024,39.36000061,40.1590004,40.29199982,40.80099869,40.81399918,38.02199936,39.01499939
Slovak Republic,,,,,,,,,,,,,,,,,,,,,,,,,,,,,,,,52.99499893,50.81900024,48.60499954,44.11899948,44.38499832,45.64400101,45.09199905,44.71099854,43.40000153,42.53499985,43.05099869,42.53300095,43.54800034,42.23099899,42.45199966,43.23600006,44.17300034,45.4109993,43.83800125,43.3769989,43.30699921,43.3219986,43.61399841,44.11700058,45.24700165,46.89300156,48.24599838,48.60400009,49.18199921,48.24900055,51.27299881
Slovenia,,,,,,,,,,,,,,,,,,,,,,,,,,,,,,,,48.18600082,48.14300156,47.94800186,47.63600159,47.66799927,47.7879982,48.73799896,49.40200043,47.61199951,47.8030014,48.0719986,48.67200089,46.66400146,49.45199966,49.16500092,49.42399979,50.21099854,50.99399948,50.5019989,49.52199936,48.04899979,47.32699966,45.96500015,46.71099854,46.67900085,47.5320015,49.77199936,50.6609993,50.57400131,50.16999817,51.19800186
Sweden,,,,,,,,,,,,,,,,,,,,,,,,,,,,,,,,60.29299927,57.9659996,54.79899979,53.71500015,54.2820015,53.95399857,52.89400101,52.73699951,54.36299896,55.19900131,56.00600052,55.99100113,55.84700012,54.86700058,54.45500183,54.96900177,55.87400055,55.93199921,54.63399887,53.93199921,54.8769989,55.11700058,55.4109993,55.66899872,56.17200089,56.71099854,57.09999847,57.41799927,57.02799988,55.56800079,55.37599945
Eswatini,,,,,,,,,,,,,,,,,,,,,,,,,,,,,,,,33.88600159,33.98099899,34.06499863,34.18399811,34.37099838,33.86800003,33.43099976,33.33599854,33.24300003,33.12200165,32.96300125,32.82699966,32.62099838,32.41600037,32.25400162,32.06200027,31.84399986,32.19599915,32.59199905,33.00299835,33.36299896,33.80599976,34.19400024,34.55599976,34.95199966,35.40200043,35.47600174,35.52500153,35.5890007,34.22299957,34.46500015
Sint Maarten (Dutch part),,,,,,,,,,,,,,,,,,,,,,,,,,,,,,,,,,,,,,,,,,,,,,,,,,,,,,,,,,,,,,
Seychelles,,,,,,,,,,,,,,,,,,,,,,,,,,,,,,,,,,,,,,,,,,,,,,,,,,,,,,,,,,,,,,
Syrian Arab Republic,,,,,,,,,,,,,,,,,,,,,,,,,,,,,,,,16.64500046,17.5340004,18.45000076,17.69599915,17.58499908,16.27599907,15.06900024,13.97900009,15.76200008,16.68300056,15.06900024,15.04699993,15.01500034,13.88399982,12.80799961,11.78999996,10.56999969,10.33699989,10.2840004,10.11400032,11.77400017,11.8920002,12.13399982,12.43200016,12.66800022,12.83199978,12.98200035,13.09700012,13.19299984,12.52400017,12.85400009
Turks and Caicos Islands,,,,,,,,,,,,,,,,,,,,,,,,,,,,,,,,,,,,,,,,,,,,,,,,,,,,,,,,,,,,,,
Chad,,,,,,,,,,,,,,,,,,,,,,,,,,,,,,,,64.33000183,64.27899933,64.23699951,63.64300156,63.02399826,62.40499878,61.7859993,61.16199875,60.52899933,59.89699936,59.26800156,58.6269989,57.98600006,57.34899902,56.69200134,56.0320015,55.38299942,54.72900009,54.07300186,53.42200089,52.75299835,52.09999847,51.43600082,50.77500153,50.11100006,49.44100189,48.77999878,48.12200165,48.18799973,47.54000092,47.60100174
East Asia & Pacific (IDA & IBRD countries),,,,,,,,,,,,,,,,,,,,,,,,,,,,,,,,67.24347428,67.13458399,66.62720952,66.324656,66.06609946,65.79647366,65.37928321,65.13336681,64.83183886,64.62558658,63.66276933,62.76693317,62.03488618,61.40986924,60.82663586,60.37950345,60.32729385,59.83736426,59.33046504,58.97448926,59.12774264,58.95828537,58.61894508,58.50133151,58.27012913,58.04959178,57.75592663,57.70859385,57.55678904,55.30325596,57.25805895
Europe & Central Asia (IDA & IBRD countries),,,,,,,,,,,,,,,,,,,,,,,,,,,,,,,,51.44882409,50.87199433,49.00506234,47.99110948,47.08956497,46.0816726,45.05875169,44.29772345,45.24344455,45.19573731,45.19784311,45.29832713,44.95924487,44.71234876,44.94286413,45.34458364,46.07307054,46.25785502,45.89032592,46.14328038,46.58161265,46.82985439,46.75995959,46.78218115,46.74643397,46.9537723,47.16126773,47.39197309,47.1981613,46.05081128,46.60859002
Togo,,,,,,,,,,,,,,,,,,,,,,,,,,,,,,,,52.15599823,52.16500092,52.1590004,52.33399963,52.36100006,52.49300003,52.64099884,52.69499969,52.8370018,52.94400024,52.96900177,53.00600052,53.04299927,53.02799988,53.01900101,53.02799988,53.27999878,53.57099915,53.85400009,54.14500046,54.43299866,54.45600128,54.49499893,54.54999924,54.62099838,54.40399933,54.19400024,54.29299927,54.40499878,53.77600098,54.16899872
Thailand,,,,,,,,,,,,,,,,,,,,,,,,,,,,,,,,63.2179985,64.38500214,64.06900024,64.13600159,65.23300171,66.29499817,66.94300079,63.67599869,62.78300095,63.50699997,63.55899811,64.11499786,64.23799896,64.3710022,65.48999786,64.37000275,65.23699951,65.0719986,63.72700119,63.28499985,65.46800232,64.95200348,61.94100189,61.18099976,60.72999954,59.75500107,58.89699936,59.21500015,58.58399963,58.56100082,58.57300186
Tajikistan,,,,,,,,,,,,,,,,,,,,,,,,,,,,,,,,30.80400085,30.74600029,29.56599998,28.82500076,28.38999939,27.48699951,27.3409996,26.58200073,26.89599991,26.97400093,27.08099937,27.18400002,27.29500008,27.66300011,27.30500031,26.89900017,26.43099976,25.97699928,25.93000031,26.55599976,27.20599937,27.87199974,28.5510006,29.24399948,29.94599915,30.65200043,30.18000031,29.6760006,29.20400047,28.8409996,29.31900024
Turkmenistan,,,,,,,,,,,,,,,,,,,,,,,,,,,,,,,,51.18899918,52.56100082,52.67100143,53.30500031,52.83399963,51.69200134,52.7159996,51.79299927,50.41999817,50.53699875,50.62200165,51.04899979,51.1629982,51.15299988,50.54299927,50.18299866,49.84199905,49.33399963,49.37400055,48.9109993,48.27700043,47.88800049,47.56499863,47.27000046,47.1230011,46.98199844,46.8409996,46.7179985,46.60300064,45.43299866,45.84899902
Latin America & the Caribbean (IDA & IBRD countries),,,,,,,,,,,,,,,,,,,,,,,,,,,,,,,,39.54123383,40.24969113,40.98322498,41.24310608,41.22987637,40.7299879,41.66338423,41.94855251,41.69957919,41.90388653,42.58045807,42.80016571,43.14478218,44.08730142,45.07638325,45.81244876,46.02102805,46.27014334,46.2992664,46.35774711,46.22649438,47.06432626,46.98856305,46.97746771,46.86436257,46.29077282,46.38151696,46.82653043,47.1044991,41.81527114,44.30285134
Timor-Leste,,,,,,,,,,,,,,,,,,,,,,,,,,,,,,,,60.13100052,59.6969986,59.29299927,59.02500153,58.77700043,58.45199966,58.38000107,58.63299942,61.38800049,61.04600143,60.20800018,60.65800095,61.04100037,61.22600174,61.20999908,61.60200119,61.16899872,60.58000183,60.07899857,59.63700104,59.16999817,58.71500015,58.4679985,58.12799835,57.83800125,57.54600143,57.82500076,58.03699875,57.43999863,56.69400024,56.77799988
Middle East & North Africa (IDA & IBRD countries),,,,,,,,,,,,,,,,,,,,,,,,,,,,,,,,13.53569663,14.04625613,13.74559354,13.96476413,13.7270423,14.00939964,13.94023877,13.94992186,14.4323713,14.3598286,14.44757283,13.98506712,14.45714509,14.85972799,15.21191761,15.38219787,15.81163901,14.958103,15.0613,14.77076406,14.28616692,14.41672303,14.32709287,14.15160295,14.43588032,14.84506659,14.62452474,13.99213622,13.43091964,12.31074295,12.49639293
Tonga,,,,,,,,,,,,,,,,,,,,,,,,,,,,,,,,37.45199966,39.69800186,42.06700134,44.18999863,43.86000061,43.38999939,43.00099945,42.6609993,42.33000183,41.87400055,41.60300064,41.27600098,40.80400085,41.40100098,42.25299835,43.01499939,42.84799957,42.73500061,42.48300171,42.40299988,42.32799911,42.10800171,41.93999863,41.80500031,41.64099884,41.56800079,41.36899948,41.16699982,41.21099854,40.65800095,40.81100082
South Asia (IDA & IBRD),,,,,,,,,,,,,,,,,,,,,,,,,,,,,,,,24.66125148,24.65687411,24.79349551,24.94403078,24.98760707,25.34167041,25.71363491,26.08107587,26.30904051,26.61572166,26.48955773,26.37208633,26.32010087,26.28269326,26.23678558,26.15161795,26.04737025,25.9755176,25.92146468,25.97087213,25.43716971,24.86484172,24.1180572,23.44408464,22.75740223,22.02543593,21.58455211,20.82998766,23.51283079,22.06388275,22.93300463
Sub-Saharan Africa (IDA & IBRD countries),,,,,,,,,,,,,,,,,,,,,,,,,,,,,,,,58.52837394,58.56698793,58.6273586,58.74779318,58.94827043,58.97779958,58.95821617,58.98357199,59.00367063,59.10307054,59.19506338,59.30721947,59.3876104,59.55221378,59.68202635,59.58097648,59.45408175,59.25449616,58.88709119,58.01506124,58.12526802,57.52637031,57.14611987,56.96138536,56.93308643,56.95777099,56.94310521,56.86493942,56.87113647,55.68583225,56.00995234
Trinidad and Tobago,,,,,,,,,,,,,,,,,,,,,,,,,,,,,,,,32.67499924,33.27700043,33.52799988,34.61500168,35.91500092,37.20100021,38.02000046,38.35900116,39.01699829,40.15299988,40.10599899,40.74300003,42.34600067,45.29899979,46.7519989,48.68199921,47.8390007,49.43500137,48.0379982,47.45399857,46.48899841,48.63000107,48.95500183,49.88299942,48.0909996,48.19400024,47.50299835,47.11000061,46.04700089,44.47200012,43.91400146
Tunisia,,,,,,,,,,,,,,,,,,,,,,,,,,,,,,,,18.34900093,18.5510006,18.71299934,18.93700027,19.16200066,19.43499947,19.66399956,19.72800064,19.80800056,19.90299988,20.01600075,19.96100044,19.84000015,19.80599976,20.07099915,20.74600029,20.82500076,20.85700035,20.19599915,20.18499947,18.10899925,19.22900009,19.70599937,20.27599907,20.29299927,20.38699913,20.52499962,20.47699928,20.62299919,19.20700073,19.61499977
Turkiye,,,,,,,,,,,,,,,,,,,,,,,,,,,,,,,,31.58300018,30.06999969,24.16600037,28.63400078,28.55200005,28.64599991,26.47599983,27.19199944,27.64100075,24.83699989,25.0510006,25.2140007,23.84199905,20.57799911,20.50099945,20.79400063,20.85300064,21.45899963,22.14900017,23.86899948,25.3920002,26.19000053,26.98399925,26.56599998,27.35400009,27.90699959,28.80400085,29.34600067,28.59399986,26.19599915,27.93400002
Tuvalu,,,,,,,,,,,,,,,,,,,,,,,,,,,,,,,,,,,,,,,,,,,,,,,,,,,,,,,,,,,,,,
Tanzania,,,,,,,,,,,,,,,,,,,,,,,,,,,,,,,,80.56199646,80.65100098,80.78800201,80.92199707,81.09500122,81.22799683,81.33499908,81.46800232,81.61699677,81.73699951,81.8769989,82.20600128,82.49099731,82.77799988,83.02899933,83.23999786,83.01200104,82.72599792,82.41999817,80.93000031,79.43000031,78.70500183,78.04799652,77.95899963,77.95200348,77.96800232,77.97699738,77.97399902,78,73.26799774,75.07800293
Uganda,,,,,,,,,,,,,,,,,,,,,,,,,,,,,,,,59.50600052,59.63299942,59.84199905,59.97000122,60.18600082,60.31000137,60.41199875,60.56000137,60.74900055,60.83200073,61.00600052,61.19900131,61.2519989,62.20600128,63.1570015,63.02099991,62.83000183,62.65499878,62.44800186,62.60200119,62.82300186,62.93199921,64.42900085,64.47000122,64.49700165,64.51599884,64.51599884,64.66899872,64.79699707,63.54899979,64.03600311
Ukraine,,,,,,,,,,,,,,,,,,,,,,,,,,,,,,,,52.60200119,52.5359993,52.42599869,52.36600113,50.61199951,49.31399918,48.66199875,47.34600067,47.00799942,47.02000046,47.28499985,47.68700027,48.17200089,48.34799957,49.06999969,49.14199829,49.55599976,49.24000168,48.30799866,48.29600143,48.10400009,47.94100189,47.79499817,46.85300064,46.31499863,46.24000168,45.97299957,45.85499954,45.39099884,43.77999878,42.94300079
Upper middle income,,,,,,,,,,,,,,,,,,,,,,,,,,,,,,,,60.4199275,60.25170944,59.67376443,59.29528191,58.98969072,58.607457,58.38720022,58.07129051,58.10813575,58.06224693,57.65085807,57.32604125,56.84822929,56.63995031,56.47419976,56.25726403,56.04862972,55.57808988,54.99415093,54.54575014,54.69526503,54.71716977,54.41369013,54.20582057,54.05098156,53.7485521,53.56814621,53.51808116,53.33614955,50.49574265,52.46171328
Uruguay,,,,,,,,,,,,,,,,,,,,,,,,,,,,,,,,38.37799835,39.11399841,38.63700104,39.60599899,40.24000168,39.71099854,40.92399979,43.20000076,41.8219986,41.22200012,41.10400009,39.22100067,39.08800125,40.97700119,42.30699921,44.33800125,46.71300125,48.52999878,49.43899918,49.7519989,52.28699875,51.8429985,50.82099915,52.18000031,51.3409996,51.04999924,50.77299881,50.33499908,50.33000183,47.69400024,50.00600052
United States,,,,,,,,,,,,,,,,,,,,,,,,,,,,,,,,52.28300095,52.32600021,52.70100021,53.89599991,54.34000015,54.75600052,55.55099869,55.82899857,56.16600037,56.44499969,55.95299911,55.20700073,55.04499817,54.94499969,55.22999954,55.60499954,55.60800171,55.27000046,53.48400116,52.64300156,52.22600174,52.31900024,52.37900162,52.80699921,53.10200119,53.4469986,53.97499847,54.32699966,54.83100128,51.05099869,52.69200134
Uzbekistan,,,,,,,,,,,,,,,,,,,,,,,,,,,,,,,,70.32900238,70.39099884,68.38600159,66.59799957,66.39499664,63.82400131,63.64799881,61.52000046,61.58599854,62.65499878,63.61199951,64.57099915,65.46299744,66.0530014,66.80400085,67.46199799,68.00099945,67.84899902,67.60500336,67.31099701,68.08699799,68.13500214,68.12599945,67.94100189,67.84100342,67.81999969,67.38300323,67.33300018,67.26899719,66.00900269,66.84899902
St. Vincent and the Grenadines,,,,,,,,,,,,,,,,,,,,,,,,,,,,,,,,34.31000137,35.04499817,35.93600082,36.02399826,37.09799957,37.44800186,38.11299896,38.79999924,39.3219986,39.72700119,40.19599915,41.02099991,41.90999985,42.45000076,42.90399933,43.79899979,44.20299911,44.49200058,44.25699997,43.92900085,43.9070015,44.03099823,44.17300034,44.22399902,44.26599884,44.42599869,44.49300003,44.67599869,44.65200043,42.05899811,42.69499969
"Venezuela, RB",,,,,,,,,,,,,,,,,,,,,,,,,,,,,,,,44.4109993,45.94100189,46.27000046,43.85499954,42.34799957,41.67900085,42.05099869,42.42699814,40.21300125,40.92699814,41.68299866,38.81900024,37.07899857,39.04399872,43.69499969,45.31200027,45.91400146,46.6230011,47.00799942,46.14300156,46.05699921,45.96300125,44.84600067,44.95500183,45.11600113,45.26100159,43.65599823,42.54800034,39.47900009,35.81100082,36.5359993
British Virgin Islands,,,,,,,,,,,,,,,,,,,,,,,,,,,,,,,,,,,,,,,,,,,,,,,,,,,,,,,,,,,,,,
Virgin Islands (U.S.),,,,,,,,,,,,,,,,,,,,,,,,,,,,,,,,54.31900024,54.97200012,58.45600128,54.91400146,51.69499969,48.24900055,47.96699905,47.61100006,46.89599991,48.17300034,50.17399979,49.29899979,47.84199905,49.63700104,50.58599854,51.31200027,52.03699875,51.69800186,50.31499863,48.4659996,47.83399963,45.55899811,42.04600143,41.00799942,42.60699844,42.12099838,42.6570015,39.56299973,37.31700134,36.64799881,37.74499893
Vietnam,,,,,,,,,,,,,,,,,,,,,,,,,,,,,,,,73.20899963,72.93499756,72.54399872,72.17199707,71.76000214,71.3239975,68.96299744,68.74099731,68.69499969,67.3259964,67.27899933,67.42900085,66.68399811,65.95899963,67.04100037,68.08499908,69.15200043,69.73000336,70.36499786,70.80899811,70.93099976,71.09799957,71.82299805,71.88300323,71.25099945,70.73400116,70.25299835,69.7519989,69.38899994,66.2519989,66.68399811
Vanuatu,,,,,,,,,,,,,,,,,,,,,,,,,,,,,,,,59.74000168,59.74100113,59.84000015,59.55699921,59.55899811,59.56800079,59.42100143,59.41600037,59.5019989,59.35200119,59.60300064,60.09000015,60.11899948,60.04199982,59.90200043,59.59500122,59.51499939,59.3730011,59.32400131,59.39099884,59.39099884,59.47399902,59.61299896,59.62900162,59.74000168,59.67200089,59.47399902,59.40999985,59.375,58.70100021,59.03499985
World,,,,,,,,,,,,,,,,,,,,,,,,,,,,,,,,48.20916625,48.11531973,47.76930864,47.68540364,47.55775327,47.4636951,47.45505615,47.40000496,47.48717721,47.56801971,47.30678373,46.9900171,46.78070242,46.67058087,46.66097465,46.65962084,46.72664402,46.51561622,46.09333418,45.82112664,45.71701149,45.54389946,45.21246679,45.02919195,44.83093797,44.64245981,44.50963293,44.39117721,44.99576023,42.99134657,44.14102781
Samoa,,,,,,,,,,,,,,,,,,,,,,,,,,,,,,,,41.61899948,41.5359993,41.26699829,41.2480011,40.90000153,40.46900177,40.25299835,40.04499817,39.81900024,39.47299957,39.08800125,38.90800095,38.77000046,38.63600159,38.51499939,38.43799973,38.3390007,38.24300003,38.30099869,38.37900162,38.32899857,36.99399948,37.08499908,37.09000015,36.51200104,35.86199951,35.07699966,35.15100098,35.33599854,34.73699951,34.88299942
Kosovo,,,,,,,,,,,,,,,,,,,,,,,,,,,,,,,,,,,,,,,,,,,,,,,,,,,,,,,,,,,,,,
"Yemen, Rep.",,,,,,,,,,,,,,,,,,,,,,,,,,,,,,,,15.80300045,15.90299988,15.92199993,16.04599953,16.76799965,17.50799942,18.2670002,19.04400063,19.8409996,18.35899925,16.95999908,15.65200043,14.4289999,13.28899956,12.23200035,11.24100018,10.32299995,9.467000008,8.670999527,7.936999798,6.828000069,5.919000149,5.114999771,4.412000179,4.359000206,4.388999939,4.40899992,4.44299984,4.471000195,4.410999775,4.359000206
South Africa,,,,,,,,,,,,,,,,,,,,,,,,,,,,,,,,38.20600128,38.34700012,38.63199997,38.89799881,39.13399887,39.38399887,39.5340004,39.64400101,39.8409996,40.04899979,40.16899872,40.34999847,40.50400162,40.69599915,40.85800171,40.98400116,41.08100128,41.12900162,40.20399857,35.30500031,38.25600052,37.78099823,38.125,37.50299835,38.32600021,37.81999969,38.86000061,38.30099869,37.95600128,36.23699951,34.61199951
Zambia,,,,,,,,,,,,,,,,,,,,,,,,,,,,,,,,40.30199814,40.63100052,41.14400101,41.77399826,42.81900024,43.70899963,44.86100006,45.99599838,46.05099869,46.06399918,45.69800186,45.30099869,44.93000031,44.52500153,44.10900116,45.24499893,46.41400146,47.61600113,46.22600174,44.82099915,46.13399887,47.54199982,47.47100067,47.42900085,47.39599991,47.38800049,47.39500046,49.52600098,49.48099899,50.86600113,50.60499954
Zimbabwe,,,,,,,,,,,,,,,,,,,,,,,,,,,,,,,,57.79999924,57.90100098,58.0870018,58.27799988,57.98899841,57.69100189,57.33499908,57.53099823,57.72999954,57.8409996,57.92100143,57.96699905,58.02299881,58.11899948,58.00400162,57.91500092,57.7879982,57.59600067,57.52899933,57.38000107,57.1969986,57.3370018,57.4109993,57.54299927,57.29399872,57.04800034,56.86000061,56.68899918,56.48500061,55.69900131,55.97499847
