Country Name,Country Code,Indicator Name,Indicator Code,1997,1998,1999,2000,2001,2002,2003,2004,2005,2006,2007,2008,2009,2010,2011,2012,2013,2014,2015,2016,2017,2018,2019,2020,2021
Aruba,ABW,"Unemployment, female (% of female labor force) (modeled ILO estimate)",SL.UEM.TOTL.FE.ZS,,,,,,,,,,,,,,,,,,,,,,,,,
Africa Eastern and Southern,AFE,"Unemployment, female (% of female labor force) (modeled ILO estimate)",SL.UEM.TOTL.FE.ZS,7.241585608,7.247183196,7.230345596,7.140192708,7.059373514,7.080382885,7.086330797,6.881253892,6.717660216,6.744240574,6.672526318,6.616079454,6.700381788,7.549058919,7.311700847,7.135025309,7.007458906,7.031240943,7.222849111,7.373211461,7.455044238,7.417151707,7.620240786,8.120844207,8.495896694
Afghanistan,AFG,"Unemployment, female (% of female labor force) (modeled ILO estimate)",SL.UEM.TOTL.FE.ZS,10.65200043,10.64700031,10.63399982,10.61699963,10.59399986,10.7510004,10.66899967,10.58300018,10.6420002,10.58100033,10.64700031,10.55300045,10.62199974,10.60299969,10.44900036,10.51299953,10.3920002,10.30599976,11.53800011,12.78299999,14.0170002,13.92399979,13.88099957,16.78300095,
Africa Western and Central,AFW,"Unemployment, female (% of female labor force) (modeled ILO estimate)",SL.UEM.TOTL.FE.ZS,4.454055833,4.498095141,4.706700867,4.711203909,4.630898207,4.50356367,4.469387649,4.430317429,4.415676204,4.303070934,4.267896254,4.307491987,4.37458806,4.417448151,4.351428183,4.300152361,3.894572053,4.0158999,4.2318477,4.096890848,4.107896622,4.196893628,4.249168784,4.808799558,4.898206801
Angola,AGO,"Unemployment, female (% of female labor force) (modeled ILO estimate)",SL.UEM.TOTL.FE.ZS,3.512000084,3.467000008,3.421999931,3.36500001,3.306999922,3.224999905,3.200000048,3.121999979,3.055000067,3.005000114,2.937999964,2.885999918,2.851999998,10.90400028,7.717000008,8.159000397,8.664999962,9.145999908,9.171999931,9.196000099,9.170999527,9.180999756,9.163999557,9.895999908,10.12199974
Albania,ALB,"Unemployment, female (% of female labor force) (modeled ILO estimate)",SL.UEM.TOTL.FE.ZS,15.73400021,19.77799988,20.39599991,18.54100037,18.94799995,18.27700043,17.39599991,16.70199966,16.41900063,16.08200073,16.39800072,13.74300003,15.70600033,15.87699986,13.74800014,11.48999977,13.37100029,15.47599983,17.11499977,14.47700024,12.51099968,11.8760004,11.32400036,12.75800037,12.60900021
Andorra,AND,"Unemployment, female (% of female labor force) (modeled ILO estimate)",SL.UEM.TOTL.FE.ZS,,,,,,,,,,,,,,,,,,,,,,,,,
Arab World,ARB,"Unemployment, female (% of female labor force) (modeled ILO estimate)",SL.UEM.TOTL.FE.ZS,16.54593479,16.51607661,16.49316777,17.89438406,17.77036193,18.27160582,18.0714203,18.27116694,17.87583578,17.3131164,16.22483587,16.25856988,17.8199303,18.37209158,19.35103953,19.87096138,19.83125529,20.04899942,20.44191541,20.40814459,20.76737901,20.05845855,19.87802092,20.19746734,20.21064491
United Arab Emirates,ARE,"Unemployment, female (% of female labor force) (modeled ILO estimate)",SL.UEM.TOTL.FE.ZS,2.503999949,2.621000051,2.683000088,2.71600008,3.648999929,4.520999908,5.324999809,6.173999786,7.110000134,6.784999847,6.653999805,6.415999889,6.291999817,5.922999859,5.565999985,5.315999985,5.032000065,4.767000198,4.491000175,4.250999928,7.578999996,6.256999969,5.989999771,5.81799984,6.796000004
Argentina,ARG,"Unemployment, female (% of female labor force) (modeled ILO estimate)",SL.UEM.TOTL.FE.ZS,17.64100075,14.0340004,15.15600014,16.35899925,17.19099998,18.81500053,17.5909996,15.82199955,13.60000038,12.43400002,10.49699974,9.755000114,9.873999596,9.213999748,8.524000168,8.847999573,8.508000374,8.392999649,8.645000458,9.25,9.491000175,10.56299973,10.71199989,12.39000034,9.857999802
Armenia,ARM,"Unemployment, female (% of female labor force) (modeled ILO estimate)",SL.UEM.TOTL.FE.ZS,16.69199944,13.39099979,14.9989996,14.375,13.78100014,13.18500042,12.51200008,11.73900032,11.13500023,10.43799973,9.770000458,9.802000046,9.56000042,10.04100037,10.26099968,10.48400021,10.57199955,10.75199986,10.91699982,11.02400017,11.36900043,11.49300003,10.43099976,9.633000374,10.72000027
American Samoa,ASM,"Unemployment, female (% of female labor force) (modeled ILO estimate)",SL.UEM.TOTL.FE.ZS,,,,,,,,,,,,,,,,,,,,,,,,,
Antigua and Barbuda,ATG,"Unemployment, female (% of female labor force) (modeled ILO estimate)",SL.UEM.TOTL.FE.ZS,,,,,,,,,,,,,,,,,,,,,,,,,
Australia,AUS,"Unemployment, female (% of female labor force) (modeled ILO estimate)",SL.UEM.TOTL.FE.ZS,8.069999695,7.333000183,6.65500021,6.056000233,6.443999767,6.164000034,5.980000019,5.53399992,5.217000008,4.916999817,4.785999775,4.563000202,5.40199995,5.379000187,5.303999901,5.322999954,5.605999947,6.171999931,6.065999985,5.78000021,5.670000076,5.321000099,5.102000237,6.354000092,5.013999939
Austria,AUT,"Unemployment, female (% of female labor force) (modeled ILO estimate)",SL.UEM.TOTL.FE.ZS,5.268000126,5.570000172,4.762000084,4.59499979,4.132999897,4.528999805,4.342000008,5.885000229,5.859000206,5.598999977,5.300000191,4.410999775,5.085000038,4.631999969,4.576000214,4.795000076,5.296999931,5.381000042,5.306000233,5.537000179,5.031000137,4.65199995,4.350999832,5.227000237,6.116000175
Azerbaijan,AZE,"Unemployment, female (% of female labor force) (modeled ILO estimate)",SL.UEM.TOTL.FE.ZS,9.779000282,10.75599957,11.73799992,12.69999981,11.50500011,10.36800003,9.270000458,8.039999962,7.284999847,6.34100008,5.500999928,5.545000076,6.565000057,6.849999905,6.43599987,6.071000099,5.921999931,5.816999912,5.846000195,5.882999897,5.874000072,5.80700016,5.690999985,8.387000084,7.001999855
Burundi,BDI,"Unemployment, female (% of female labor force) (modeled ILO estimate)",SL.UEM.TOTL.FE.ZS,2.351999998,2.306999922,2.361999989,2.368999958,2.352999926,2.342000008,2.398000002,2.354000092,2.395999908,2.367000103,1.766000032,1.141000032,1.146000028,1.14199996,1.148000002,1.148000002,1.148000002,1.152999997,1.125,1.050999999,0.986000001,0.920000017,0.856000006,0.976999998,1.126999974
Belgium,BEL,"Unemployment, female (% of female labor force) (modeled ILO estimate)",SL.UEM.TOTL.FE.ZS,11.52999973,11.69799995,10.21500015,8.281999588,6.922999859,7.801000118,7.999000072,8.274999619,9.505999565,9.312000275,8.444999695,7.602000237,8.112999916,8.513999939,7.177999973,7.40899992,8.175000191,7.938000202,7.769000053,7.559999943,7.058000088,5.565999985,4.940000057,5.353000164,5.855999947
Benin,BEN,"Unemployment, female (% of female labor force) (modeled ILO estimate)",SL.UEM.TOTL.FE.ZS,0.5,0.492000014,0.472000003,0.455000013,0.441000015,0.425999999,0.51700002,0.601999998,0.703000009,0.779999971,0.856999993,0.950999975,1.057000041,1.148000002,2.875,2.684999943,2.490999937,2.352999926,2.273000002,2.092999935,1.906000018,1.74000001,1.735999942,1.907999992,2.072999954
Burkina Faso,BFA,"Unemployment, female (% of female labor force) (modeled ILO estimate)",SL.UEM.TOTL.FE.ZS,2.614000082,2.582999945,2.697999954,2.875,2.941999912,3.088000059,3.167000055,3.969000101,4.673999786,4.322999954,3.934000015,3.970999956,4.076000214,4.058000088,4.149000168,4.217000008,4.294000149,4.383999825,4.460000038,4.497000217,4.561999798,4.624000072,4.638999939,4.906000137,5.225999832
Bangladesh,BGD,"Unemployment, female (% of female labor force) (modeled ILO estimate)",SL.UEM.TOTL.FE.ZS,2.415999889,2.726000071,3.01699996,3.33100009,3.832000017,4.302999973,4.833000183,5.903999805,7.014999866,6.419000149,6.760000229,7.040999889,7.327000141,4.422999859,5.491000175,6.525000095,7.518000126,7.423999786,7.352000237,7.282999992,6.656000137,6.646999836,6.627999783,7.532999992,7.543000221
Bulgaria,BGR,"Unemployment, female (% of female labor force) (modeled ILO estimate)",SL.UEM.TOTL.FE.ZS,13.48999977,11.77900028,14.15299988,15.81900024,18.86499977,17.36300087,13.19299984,11.6260004,9.835000038,9.298999786,7.287000179,5.758999825,6.623000145,9.612999916,10.11600018,10.84599972,11.84500027,10.40200043,8.416000366,6.96600008,5.946000099,4.651000023,3.868999958,4.763999939,5.032999992
Bahrain,BHR,"Unemployment, female (% of female labor force) (modeled ILO estimate)",SL.UEM.TOTL.FE.ZS,3.789999962,3.719000101,3.697999954,3.648000002,3.680999994,3.641000032,3.565999985,3.559999943,3.579999924,3.601000071,3.575999975,3.631999969,3.72300005,3.678999901,3.875999928,3.953000069,3.868999958,3.811000109,3.822000027,3.809999943,3.799999952,3.816999912,3.772000074,4.691999912,4.535999775
"Bahamas, The",BHS,"Unemployment, female (% of female labor force) (modeled ILO estimate)",SL.UEM.TOTL.FE.ZS,11.38099957,9.876999855,9.312000275,8.230999947,7.032999992,9.626999855,11.80599976,11.15799999,11.20699978,8.06000042,9.11400032,9.267999649,14.0340004,14.64000034,15.36499977,13.96800041,16.25900078,14.6420002,13.00500011,14.47900009,11.38199997,9.947999954,10.02400017,12.69699955,11.70199966
Bosnia and Herzegovina,BIH,"Unemployment, female (% of female labor force) (modeled ILO estimate)",SL.UEM.TOTL.FE.ZS,27.66399956,28.51199913,29.0529995,30.12000084,30.38100052,31.38999939,32.17300034,33.18700027,33.88700104,34.84700012,32.92699814,26.78300095,25.64299965,29.92300034,29.92300034,30.64500046,29.00300026,31.13699913,30.66500092,30.00900078,23.11300087,20.30599976,18.75399971,17.41600037,18.14699936
Belarus,BLR,"Unemployment, female (% of female labor force) (modeled ILO estimate)",SL.UEM.TOTL.FE.ZS,13.84899998,11.28899956,10.27499962,9.789999962,9.173000336,8.609999657,8.102999687,7.664000034,7.032000065,6.481999874,5.888000011,5.368999958,4.632999897,4.714000225,4.612999916,4.489999771,4.421999931,4.377999783,4.229000092,4.195000172,4.048999786,3.563999891,3.203000069,3.311000109,3.071000099
Belize,BLZ,"Unemployment, female (% of female labor force) (modeled ILO estimate)",SL.UEM.TOTL.FE.ZS,20.70599937,21.78499985,20.65699959,17.98900032,15.60200024,15.25899982,15.87899971,16.66799927,17.42499924,15.24100018,13.23200035,12.65200043,12.6789999,12.61999989,12.625,12.6079998,12.61600018,14.07299995,11.09000015,11.17599964,9.850999832,11.88300037,13.96000004,16.01399994,15.57499981
Bermuda,BMU,"Unemployment, female (% of female labor force) (modeled ILO estimate)",SL.UEM.TOTL.FE.ZS,,,,,,,,,,,,,,,,,,,,,,,,,
Bolivia,BOL,"Unemployment, female (% of female labor force) (modeled ILO estimate)",SL.UEM.TOTL.FE.ZS,2.032999992,2.161000013,2.503999949,2.545000076,2.727999926,2.822999954,2.947999954,2.996000051,3.112999916,3.213000059,3.371000051,3.390000105,3.625,3.157999992,2.684999943,2.838000059,3.035000086,2.881000042,3.806999922,4.044000149,4.053999901,3.61500001,4,9.836999893,5.705999851
Brazil,BRA,"Unemployment, female (% of female labor force) (modeled ILO estimate)",SL.UEM.TOTL.FE.ZS,12.10599995,13.68900013,14.67599964,13.77700043,13.76000023,13.68799973,14.27200031,13.34000015,13.98099995,12.77900028,12.48400021,11.24800014,12.67300034,10.96000004,10.43299961,9.232999802,8.977999687,8.329999924,10.33100033,13.80500031,15.05500031,14.57800007,14.48999977,16.57900047,16.68400002
Barbados,BRB,"Unemployment, female (% of female labor force) (modeled ILO estimate)",SL.UEM.TOTL.FE.ZS,17.99900055,16.53800011,13.50899982,11.40200043,11.81099987,12.20699978,12.54699993,10.44499969,10.78499985,9.809000015,8.440999985,9.427000046,9.887999535,10.47200012,12.61900043,12.26399994,11.43299961,12.64999962,8.973999977,8.649999619,8.776000023,8.531999588,7.277999878,8.737999916,8.434000015
Brunei Darussalam,BRN,"Unemployment, female (% of female labor force) (modeled ILO estimate)",SL.UEM.TOTL.FE.ZS,6.915999889,6.977000237,7.09100008,7.133999825,7.181000233,7.263000011,7.304999828,7.318999767,7.376999855,7.518000126,7.493999958,7.513000011,7.578000069,7.729000092,7.815999985,7.815999985,7.811999798,7.862999916,8.581999779,9.206999779,9.979999542,10.05500031,8.277000427,8.847999573,8.968999863
Bhutan,BTN,"Unemployment, female (% of female labor force) (modeled ILO estimate)",SL.UEM.TOTL.FE.ZS,1.424999952,1.399999976,1.643000007,2.269999981,2.924000025,2.730000019,2.516000032,3.335999966,3.335000038,3.811000109,4.743999958,5.059000015,5.552999973,4.063000202,4.892000198,2.21600008,3.769000053,3.61500001,3.25999999,3.61500001,3.924000025,4.248000145,3.345000029,6.164000034,4.833000183
Botswana,BWA,"Unemployment, female (% of female labor force) (modeled ILO estimate)",SL.UEM.TOTL.FE.ZS,23.8029995,23.68000031,20.31100082,17.26399994,22.10099983,24.22599983,26.49600029,24.43499947,22.29400063,20.12599945,19.91200066,19.7310009,19.74600029,21.57900047,21.67200089,21.7310009,21.62700081,21.79199982,22.00900078,21.79599953,21.88400078,21.91600037,21.9659996,22.64699936,23.125
Central African Republic,CAF,"Unemployment, female (% of female labor force) (modeled ILO estimate)",SL.UEM.TOTL.FE.ZS,5.982999802,5.934000015,5.893000126,5.811999798,5.985000134,6.053999901,6.137000084,6.109000206,6.15500021,6.125999928,6.103000164,6.06099987,6.184999943,6.546000004,6.462999821,6.429999828,6.388999939,6.471000195,6.604000092,6.580999851,6.53399992,6.413000107,6.456999779,7.018000126,7.251999855
Canada,CAN,"Unemployment, female (% of female labor force) (modeled ILO estimate)",SL.UEM.TOTL.FE.ZS,8.920000076,7.992000103,7.287000179,6.695000172,6.859000206,7.118000031,7.153999805,6.854000092,6.46600008,6.092000008,5.652999878,5.65199995,7.006000042,7.243999958,7.008999825,6.816999912,6.597000122,6.388000011,6.290999889,6.239999771,5.849999905,5.487999916,5.249000072,9.38599968,7.210999966
Central Europe and the Baltics,CEB,"Unemployment, female (% of female labor force) (modeled ILO estimate)",SL.UEM.TOTL.FE.ZS,9.983359542,9.567652922,10.58518861,12.98003322,13.62105197,14.02205644,13.27029427,13.09632908,12.68189319,10.59130505,8.195975525,6.978614489,8.456604446,9.823049827,9.884412989,10.13788403,10.24234599,9.16462961,7.907982336,6.441437294,5.259707772,4.294186635,3.851613028,4.411537173,4.480133953
Switzerland,CHE,"Unemployment, female (% of female labor force) (modeled ILO estimate)",SL.UEM.TOTL.FE.ZS,3.933000088,4.083000183,3.529000044,3.124000072,3.461999893,3.095000029,4.493000031,4.769999981,5.092999935,4.696000099,4.505000114,3.970000029,4.513999939,5.199999809,4.800000191,4.738999844,4.921999931,4.991000175,4.912000179,5.011000156,5.063000202,5.105000019,4.709000111,5.000999928,5.313000202
Channel Islands,CHI,"Unemployment, female (% of female labor force) (modeled ILO estimate)",SL.UEM.TOTL.FE.ZS,8.256999969,7.84800005,7.419000149,6.743000031,6.204999924,6.34100008,6.657999992,6.895999908,6.928999901,6.639999866,6.247000217,6.156000137,7.177000046,7.592000008,7.927000046,8.699000359,9.348999977,9.100999832,8.82199955,8.442000389,7.855000019,7.300000191,7.110000134,8.053999901,7.955999851
Chile,CHL,"Unemployment, female (% of female labor force) (modeled ILO estimate)",SL.UEM.TOTL.FE.ZS,9.604000092,9.347000122,13.10900021,12.48099995,11.93599987,11.81400013,12.03499985,13.01500034,12.28100014,11.75800037,10.89099979,12.14099979,13.41899967,9.909000397,8.833999634,8.126999855,7.160999775,7.110000134,7.126999855,7.256000042,7.443999767,7.955999851,8,11.38899994,9.638999939
China,CHN,"Unemployment, female (% of female labor force) (modeled ILO estimate)",SL.UEM.TOTL.FE.ZS,2.809000015,2.818000078,2.825999975,2.835000038,3.302999973,3.684999943,3.979000092,3.900000095,3.924999952,3.845999956,3.776000023,3.98300004,4.09499979,3.928999901,3.947000027,3.97300005,3.990999937,4.018000126,4.035999775,3.959000111,3.881999969,3.743999958,3.961999893,4.342999935,3.953999996
Cote d'Ivoire,CIV,"Unemployment, female (% of female labor force) (modeled ILO estimate)",SL.UEM.TOTL.FE.ZS,4.278999805,4.313000202,4.571000099,4.815000057,5.065000057,5.300000191,5.551000118,5.673999786,5.923999786,6.119999886,6.362999916,6.52699995,6.760000229,6.923999786,7.336999893,7.339000225,5.184999943,4.249000072,3.312999964,2.355999947,3.849999905,3.430999994,3.010999918,3.236000061,3.506000042
Cameroon,CMR,"Unemployment, female (% of female labor force) (modeled ILO estimate)",SL.UEM.TOTL.FE.ZS,6.546000004,6.578999996,6.619999886,6.668000221,6.695000172,6.165999889,5.625,5.076000214,4.606999874,4.046999931,3.5,3.970999956,4.436999798,4.901000023,4.690000057,4.46999979,4.260000229,4.046999931,4.061999798,4.089000225,4.114999771,4.125999928,4.144999981,4.40899992,4.710999966
"Congo, Dem. Rep.",COD,"Unemployment, female (% of female labor force) (modeled ILO estimate)",SL.UEM.TOTL.FE.ZS,2.447000027,2.40899992,2.394000053,2.378000021,2.334000111,2.289999962,2.253999949,2.22300005,2.197999954,2.403000116,2.601000071,2.803999901,3.022000074,3.204999924,3.40899992,3.609999895,3.619999886,3.631999969,3.663000107,3.704999924,3.713999987,3.720000029,3.744999886,4.294000149,4.407999992
"Congo, Rep.",COG,"Unemployment, female (% of female labor force) (modeled ILO estimate)",SL.UEM.TOTL.FE.ZS,21.45100021,21.35099983,21.42300034,21.22800064,21.25699997,21.2159996,21.24500084,21.17099953,21.07099915,21.11499977,21.39800072,21.24099922,21.20299911,21.27700043,21.45299911,21.37999916,21.60400009,21.53199959,21.74600029,21.9109993,21.84700012,21.89500046,21.85499954,23.64100075,23.6060009
Colombia,COL,"Unemployment, female (% of female labor force) (modeled ILO estimate)",SL.UEM.TOTL.FE.ZS,15.34700012,18.35000038,23.7840004,25.15299988,19.4640007,20.06999969,18.7159996,18.08200073,15.93299961,14.43900013,13.18200016,13.48799992,14.56900024,14.22999954,13.13500023,12.68900013,11.69999981,11.05099964,10.87300014,11.22900009,11.52999973,11.81700039,12.77299976,19.07099915,18.16900063
Comoros,COM,"Unemployment, female (% of female labor force) (modeled ILO estimate)",SL.UEM.TOTL.FE.ZS,5.230999947,5.210000038,5.151000023,5.001999855,5.041999817,4.987999916,4.93599987,4.882999897,5.426000118,5.982999802,6.566999912,7.080999851,7.65500021,8.208999634,8.769000053,9.354999542,9.897999763,10.52400017,10.48799992,10.38300037,10.31900024,10.27099991,10.26099968,11.21800041,11.36200047
Cabo Verde,CPV,"Unemployment, female (% of female labor force) (modeled ILO estimate)",SL.UEM.TOTL.FE.ZS,11.92300034,11.85499954,11.81200027,11.72599983,11.77999973,11.69099998,11.63899994,11.51900005,11.48499966,11.4090004,11.27600002,11.28499985,11.2869997,11.18999958,11.39500046,11.64999962,11.88000011,12.10999966,12.33300018,12.52299976,12.76000023,11.55300045,11.61800003,14.06400013,13.36200047
Costa Rica,CRI,"Unemployment, female (% of female labor force) (modeled ILO estimate)",SL.UEM.TOTL.FE.ZS,7.342999935,7.574999809,7.934000015,6.640999794,7.390999794,7.751999855,7.998000145,8.289999962,9.319999695,8.359999657,6.757999897,5.870999813,9.581999779,9.130000114,11.91300011,10.83899975,9.744000435,10.51500034,10.375,10.20199966,9.743000031,11.44200039,14.11699963,21.25,20.11800003
Caribbean small states,CSS,"Unemployment, female (% of female labor force) (modeled ILO estimate)",SL.UEM.TOTL.FE.ZS,13.52567105,13.37853514,12.69773069,12.08996627,11.81802865,12.02931844,12.12295228,11.23956907,11.15431838,10.14102429,9.882682382,9.459052173,10.08491468,10.08818202,10.50354712,10.86403213,11.31913066,10.91143092,10.47314863,10.54265894,9.619233589,8.478884998,8.057229882,9.497621725,9.372313267
Cuba,CUB,"Unemployment, female (% of female labor force) (modeled ILO estimate)",SL.UEM.TOTL.FE.ZS,11.47599983,9.583999634,9.855999947,8.406999588,5.802999973,4.662000179,3.428999901,2.207999945,2.209000111,2.214999914,1.871000051,1.962000012,1.99000001,2.710000038,3.51699996,3.61500001,3.549999952,3.140000105,2.584000111,2.184999943,1.636999965,1.825999975,1.200000048,1.585000038,1.603000045
Curacao,CUW,"Unemployment, female (% of female labor force) (modeled ILO estimate)",SL.UEM.TOTL.FE.ZS,,,,,,,,,,,,,,,,,,,,,,,,,
Cayman Islands,CYM,"Unemployment, female (% of female labor force) (modeled ILO estimate)",SL.UEM.TOTL.FE.ZS,,,,,,,,,,,,,,,,,,,,,,,,,
Cyprus,CYP,"Unemployment, female (% of female labor force) (modeled ILO estimate)",SL.UEM.TOTL.FE.ZS,4.506999969,4.139999866,7.861999989,7.486999989,5.821000099,4.22300005,4.604000092,5.467999935,6.528999805,5.428999901,4.598999977,4.251999855,5.471000195,6.414999962,7.623000145,11.02200031,15.12800026,15.01500034,14.76500034,13.33399963,11.26599979,8.75399971,8.008999825,7.617000103,7.936999798
Czechia,CZE,"Unemployment, female (% of female labor force) (modeled ILO estimate)",SL.UEM.TOTL.FE.ZS,5.113999844,7.544000149,10.12699986,10.53999996,9.614999771,8.56499958,9.652000427,9.656999588,9.803999901,8.855999947,6.742000103,5.607999802,7.723999977,8.458999634,7.889999866,8.211999893,8.286999702,7.394000053,6.078000069,4.668000221,3.578999996,2.799999952,2.375,2.950999975,3.434000015
Germany,DEU,"Unemployment, female (% of female labor force) (modeled ILO estimate)",SL.UEM.TOTL.FE.ZS,10.58399963,10.43900013,9.225999832,8.272000313,7.776000023,8.208999634,9.284999847,10.08699989,10.89599991,10.17399979,8.795999527,7.644999981,7.313000202,6.5,5.578000069,5.181000233,4.919000149,4.631000042,4.217999935,3.74000001,3.316999912,2.910000086,2.733999968,3.444000006,3.180999994
Djibouti,DJI,"Unemployment, female (% of female labor force) (modeled ILO estimate)",SL.UEM.TOTL.FE.ZS,37.87599945,37.80199814,37.67599869,37.68700027,37.61100006,37.50899887,37.44300079,37.38199997,37.29499817,37.1230011,36.98899841,36.83000183,36.81800079,36.60800171,36.42300034,36.4109993,36.32600021,36.18199921,36.06999969,36.02600098,35.96900177,35.86000061,35.86199951,37.61999893,37.90100098
Dominica,DMA,"Unemployment, female (% of female labor force) (modeled ILO estimate)",SL.UEM.TOTL.FE.ZS,,,,,,,,,,,,,,,,,,,,,,,,,
Denmark,DNK,"Unemployment, female (% of female labor force) (modeled ILO estimate)",SL.UEM.TOTL.FE.ZS,6.43599987,6.402999878,5.893000126,4.974999905,4.777999878,4.313000202,5.754000187,5.434999943,5.276000023,4.537000179,4.197999954,4.06799984,5.669000149,6.764999866,7.622000217,7.795000076,7.668000221,7.146999836,6.53000021,6.380000114,6.046000004,5.347000122,5.269000053,5.984000206,5.133999825
Dominican Republic,DOM,"Unemployment, female (% of female labor force) (modeled ILO estimate)",SL.UEM.TOTL.FE.ZS,10.56499958,10.65100002,10.71399975,10.79599953,11.3920002,10.26900005,10.11600018,10.0909996,9.781999588,8.956000328,7.635000229,7.453000069,7.953999996,7.079999924,8.406000137,9.265999794,10.60099983,9.765999794,10.95600033,10.78299999,8.156000137,9.163000107,9.411999702,9.083999634,12.52099991
Algeria,DZA,"Unemployment, female (% of female labor force) (modeled ILO estimate)",SL.UEM.TOTL.FE.ZS,26.16900063,27.15999985,28.5170002,29.71800041,27.80400085,27.03499985,25.43600082,18.20400047,17.22599983,15.21700001,19.06500053,17.65999985,18.15200043,19.1609993,17.21299934,17.06399918,16.33799934,15.68700027,16.60499954,18.30900002,18.48699951,18.58799934,18.67900085,20.80200005,20.47500038
East Asia & Pacific (excluding high income),EAP,"Unemployment, female (% of female labor force) (modeled ILO estimate)",SL.UEM.TOTL.FE.ZS,2.937476756,3.078300212,3.14307818,3.105274978,3.568127934,3.807542353,4.071323958,4.072897224,4.143736253,4.015835372,4.028548899,4.023638791,3.987663373,3.770409371,3.692039584,3.628107254,3.599912793,3.584824389,3.669637415,3.571565572,3.482762303,3.395286266,3.471770434,3.899847519,3.593244511
Early-demographic dividend,EAR,"Unemployment, female (% of female labor force) (modeled ILO estimate)",SL.UEM.TOTL.FE.ZS,7.515404348,7.604427789,7.878843772,7.932758122,8.137148317,8.431589729,8.538667516,8.703671792,8.639922844,8.292038692,8.160203302,7.848877141,7.872705149,7.719588504,7.449890919,7.370848245,7.413588126,7.325306207,7.620788076,7.574972324,7.384394309,7.312764015,6.873215458,8.149197467,7.698093291
East Asia & Pacific,EAS,"Unemployment, female (% of female labor force) (modeled ILO estimate)",SL.UEM.TOTL.FE.ZS,2.998612235,3.221279745,3.299357699,3.21804294,3.656370614,3.89328477,4.129531321,4.09521017,4.142040703,3.994694361,3.98826359,3.986540227,4.041094905,3.828144044,3.721530017,3.657601096,3.612010116,3.594661571,3.665341316,3.563345411,3.468615602,3.363677468,3.421724485,3.860909385,3.560495334
Europe & Central Asia (excluding high income),ECA,"Unemployment, female (% of female labor force) (modeled ILO estimate)",SL.UEM.TOTL.FE.ZS,11.32189851,12.48210091,12.64962889,11.21997661,10.15939759,9.486037505,9.30688257,9.014696704,8.390092725,7.838426889,6.942900536,6.956584362,8.216870565,7.800090003,7.231473058,6.698462779,6.768003567,6.865579762,7.177064537,7.17511299,7.078025939,6.833396188,6.961810653,7.463380257,7.355110744
Europe & Central Asia,ECS,"Unemployment, female (% of female labor force) (modeled ILO estimate)",SL.UEM.TOTL.FE.ZS,11.43194225,11.70464177,11.52349778,10.7033653,9.693174582,9.502825723,9.428770253,9.405288202,9.071067247,8.407248242,7.413241781,7.220785921,8.531040168,8.708126853,8.555600274,8.771681679,9.020764273,8.767243514,8.440045337,8.013053505,7.480228321,6.937422384,6.686108548,7.111614142,7.095447662
Ecuador,ECU,"Unemployment, female (% of female labor force) (modeled ILO estimate)",SL.UEM.TOTL.FE.ZS,6.072000027,6.138000011,6.861000061,6.458000183,5.263000011,5.65199995,6.156000137,5.710999966,4.708000183,4.368000031,3.914999962,5.004000187,5.888999939,4.972000122,4.289000034,3.819000006,3.661999941,4.140999794,4.520999908,5.84800005,4.927999973,4.390999794,4.59100008,7.330999851,5.709000111
"Egypt, Arab Rep.",EGY,"Unemployment, female (% of female labor force) (modeled ILO estimate)",SL.UEM.TOTL.FE.ZS,19.75699997,19.58099937,19.06500053,22.7859993,21.79199982,24.03800011,23.37899971,26.39900017,24.58399963,23.77400017,18.28199959,18.73200035,22.20400047,21.96999931,22.34399986,23.94099998,24.11700058,23.94300079,24.7140007,23.54800034,22.86199951,21.36899948,21.35199928,17.57600021,15.93099976
Euro area,EMU,"Unemployment, female (% of female labor force) (modeled ILO estimate)",SL.UEM.TOTL.FE.ZS,13.94089732,13.52248163,12.63955492,11.45003439,9.920062266,9.993949676,10.13143402,10.37898658,10.12536192,9.43233699,8.467879494,8.264954903,9.701114381,10.2324294,10.33674236,11.4253841,12.02236698,11.75540507,11.01331013,10.33919854,9.41447033,8.540766577,7.895044484,8.192267515,8.095054386
Eritrea,ERI,"Unemployment, female (% of female labor force) (modeled ILO estimate)",SL.UEM.TOTL.FE.ZS,6.006999969,6.076000214,6.126999855,6.125,6.30700016,6.363999844,6.402999878,6.328000069,6.40899992,6.441999912,6.468999863,6.423999786,6.531000137,6.888999939,6.756999969,6.650000095,6.532000065,6.534999847,6.626999855,6.609000206,6.550000191,6.383999825,6.377999783,7.940000057,7.59100008
Spain,ESP,"Unemployment, female (% of female labor force) (modeled ILO estimate)",SL.UEM.TOTL.FE.ZS,28.01300049,26.63299942,22.84499931,20.3560009,15.04699993,16.0529995,15.68500042,15.03899956,11.99699974,11.34399986,10.69999981,12.84000015,18.13500023,20.22100067,21.81399918,25.03499985,26.66900063,25.4279995,23.55699921,21.38899994,19.02700043,17.02000046,15.98999977,17.43000031,16.71800041
Estonia,EST,"Unemployment, female (% of female labor force) (modeled ILO estimate)",SL.UEM.TOTL.FE.ZS,9.538000107,8.50399971,10.13300037,11.6079998,13.23200035,8.682999611,10.38199997,8.826000214,6.903999805,5.585000038,3.756999969,5.131999969,10.30000019,14.09500027,11.57900047,9.097999573,8.154999733,6.808000088,6.31799984,6.153999805,5.249000072,5.255000114,4.921000004,6.774000168,5.550000191
Ethiopia,ETH,"Unemployment, female (% of female labor force) (modeled ILO estimate)",SL.UEM.TOTL.FE.ZS,4.318999767,4.728000164,4.987999916,4.703999996,4.40899992,4.19299984,3.946000099,3.551000118,3.292999983,3.255000114,3.20600009,3.167999983,3.138000011,3.071000099,3.036000013,3.006999969,2.951999903,3.176000118,3.398999929,3.621999979,3.845000029,4.066999912,4.289000034,5.268000126,5.147999763
European Union,EUU,"Unemployment, female (% of female labor force) (modeled ILO estimate)",SL.UEM.TOTL.FE.ZS,12.68024887,12.27143095,11.82781594,11.4973819,10.53022802,10.67108614,10.60457249,10.75906711,10.55560755,9.588958192,8.319237106,7.884967435,9.258669298,9.926390738,10.0574345,10.95287734,11.45681462,11.02681508,10.18220371,9.36773051,8.42811891,7.562725086,7.013890923,7.361192735,7.335497844
Fragile and conflict affected situations,FCS,"Unemployment, female (% of female labor force) (modeled ILO estimate)",SL.UEM.TOTL.FE.ZS,5.288237935,5.62431909,5.858347986,5.814377135,5.766672745,5.813508942,5.729936455,5.574082274,5.192430196,5.105574377,5.00317287,4.989034449,5.200049821,5.312325027,5.416117607,5.463933843,5.474150805,5.63793426,5.783515242,5.875542005,6.091500148,6.077046524,6.174843522,7.041099574,7.340892095
Finland,FIN,"Unemployment, female (% of female labor force) (modeled ILO estimate)",SL.UEM.TOTL.FE.ZS,15.18099976,13.57800007,12.44299984,11.98900032,10.76000023,10.16499996,9.937999725,10.57400036,8.607999802,8.083000183,7.18599987,6.69299984,7.568999767,7.636000156,7.097000122,7.051000118,7.515999794,7.946000099,8.842000008,8.581000328,8.390000343,7.297999859,6.164000034,7.487999916,7.056000233
Fiji,FJI,"Unemployment, female (% of female labor force) (modeled ILO estimate)",SL.UEM.TOTL.FE.ZS,6.106999874,6.000999928,5.756000042,6.169000149,6.05700016,6.040999889,6.15500021,6.024000168,5.166999817,5.034999847,5.026000023,4.887000084,4.880000114,4.683000088,4.622000217,4.834000111,4.914000034,5.065000057,5.287000179,5.552000046,5.452000141,5.497000217,5.633999825,5.918000221,6.228000164
France,FRA,"Unemployment, female (% of female labor force) (modeled ILO estimate)",SL.UEM.TOTL.FE.ZS,14.43700027,14.11100006,13.9090004,12.19499969,10.50800037,9.796999931,9.133999825,9.871999741,9.265999794,9.112999916,8.093000412,7.43900013,8.80300045,9.069000244,9.119000435,9.357999802,9.789999962,10.02600002,9.904000282,9.852999687,9.373999596,9.06099987,8.347999573,7.953000069,7.752999783
Faroe Islands,FRO,"Unemployment, female (% of female labor force) (modeled ILO estimate)",SL.UEM.TOTL.FE.ZS,,,,,,,,,,,,,,,,,,,,,,,,,
"Micronesia, Fed. Sts.",FSM,"Unemployment, female (% of female labor force) (modeled ILO estimate)",SL.UEM.TOTL.FE.ZS,,,,,,,,,,,,,,,,,,,,,,,,,
Gabon,GAB,"Unemployment, female (% of female labor force) (modeled ILO estimate)",SL.UEM.TOTL.FE.ZS,18.25499916,18.88800049,19.75099945,20.19099998,20.69400024,21.34700012,21.88400078,22.52199936,23.07600021,24.43700027,25.40399933,26.89500046,28.01499939,29.02000046,28.90699959,28.85899925,28.74399948,28.68700027,28.59900093,28.5890007,28.56299973,28.46500015,28.27400017,29.28899956,29.6970005
United Kingdom,GBR,"Unemployment, female (% of female labor force) (modeled ILO estimate)",SL.UEM.TOTL.FE.ZS,5.81099987,5.355999947,5.147999763,4.861000061,4.116000175,4.361999989,4.06400013,4.184999943,4.289999962,4.949999809,4.956999779,5.09499979,6.420000076,6.881000042,7.342000008,7.381000042,7.032999992,5.821000099,5.124000072,4.68200016,4.218999863,3.941999912,3.53399992,4.15500021,4.593999863
Georgia,GEO,"Unemployment, female (% of female labor force) (modeled ILO estimate)",SL.UEM.TOTL.FE.ZS,10.87100029,13.7159996,12.16499996,10.50300026,10.65200043,11.01000023,11.54100037,11.77999973,12.68999958,11.67300034,12.57400036,17.5909996,19.07600021,17.55699921,17.375,18.35000038,16.1779995,14.47999954,13.93599987,12.57800007,12.72399998,11.24499989,10.16899967,10.22599983,10.85499954
Ghana,GHA,"Unemployment, female (% of female labor force) (modeled ILO estimate)",SL.UEM.TOTL.FE.ZS,8.282999992,8.807999611,10.75500011,10.73700047,9.744999886,8.748000145,7.747000217,6.756000042,5.765999794,4.772999763,5.084000111,5.28000021,5.635000229,5.859000206,4.606999874,3.520999908,2.375,4.484000206,6.579999924,5.051000118,3.490999937,3.555000067,3.594000101,3.835000038,4.104000092
Gibraltar,GIB,"Unemployment, female (% of female labor force) (modeled ILO estimate)",SL.UEM.TOTL.FE.ZS,,,,,,,,,,,,,,,,,,,,,,,,,
Guinea,GIN,"Unemployment, female (% of female labor force) (modeled ILO estimate)",SL.UEM.TOTL.FE.ZS,3.621999979,3.621000051,3.592999935,3.588000059,3.549999952,3.506000042,3.644000053,3.713999987,3.792999983,3.907000065,3.910000086,4.037000179,4.209000111,4.203999996,4.282000065,4.368999958,4.494999886,4.59499979,4.690000057,4.664999962,4.772999763,4.947999954,5.066999912,5.888999939,5.912000179
"Gambia, The",GMB,"Unemployment, female (% of female labor force) (modeled ILO estimate)",SL.UEM.TOTL.FE.ZS,10.86200047,10.9989996,11.04100037,11.17199993,11.27799988,11.60900021,11.48900032,11.60900021,11.96700001,12.05599976,12.10200024,12.1619997,12.29599953,12.4630003,12.99400043,12.79100037,11.19900036,9.649999619,7.927000046,6.357999802,4.739999771,3.153000116,3.217000008,3.938999891,3.993999958
Guinea-Bissau,GNB,"Unemployment, female (% of female labor force) (modeled ILO estimate)",SL.UEM.TOTL.FE.ZS,2.845000029,3.015000105,2.859999895,2.832000017,2.84100008,2.851000071,2.836999893,2.819999933,2.805999994,2.809000015,2.798000097,2.790999889,2.782999992,2.769000053,2.744999886,2.782999992,2.750999928,2.753000021,2.719000101,2.709000111,2.700000048,2.711999893,2.710999966,3.030999899,3.223999977
Equatorial Guinea,GNQ,"Unemployment, female (% of female labor force) (modeled ILO estimate)",SL.UEM.TOTL.FE.ZS,8.626000404,8.647999763,8.666999817,8.647000313,8.93200016,9.053999901,9.164999962,9.112999916,9.159000397,9.107999802,9.072999954,9.043999672,9.237000465,9.722999573,9.595999718,9.465999603,9.281000137,9.229000092,9.295999527,9.282999992,9.244000435,9.111000061,9.175999641,10.11800003,10.15299988
Greece,GRC,"Unemployment, female (% of female labor force) (modeled ILO estimate)",SL.UEM.TOTL.FE.ZS,15.06099987,16.81800079,18.32799911,17.14900017,16.01300049,15.44699955,14.55200005,16.06699944,15.52600002,13.84500027,12.98799992,11.56400013,13.33100033,16.37199974,21.53800011,28.23999977,31.37999916,30.17900085,28.85899925,28.09199905,26.05599976,24.20800018,21.47500038,19.77599907,18.87400055
Grenada,GRD,"Unemployment, female (% of female labor force) (modeled ILO estimate)",SL.UEM.TOTL.FE.ZS,,,,,,,,,,,,,,,,,,,,,,,,,
Greenland,GRL,"Unemployment, female (% of female labor force) (modeled ILO estimate)",SL.UEM.TOTL.FE.ZS,,,,,,,,,,,,,,,,,,,,,,,,,
Guatemala,GTM,"Unemployment, female (% of female labor force) (modeled ILO estimate)",SL.UEM.TOTL.FE.ZS,3.365999937,3.351999998,3.384000063,3.394000053,3.430999994,3.394999981,3.431999922,3.385999918,3.457999945,3.477999926,3.526000023,3.683000088,3.838999987,3.845000029,3.632999897,3.454999924,3.667999983,3.394999981,3.559000015,3.47300005,3.529999971,2.816999912,2.937000036,4.184000015,3.844000101
Guam,GUM,"Unemployment, female (% of female labor force) (modeled ILO estimate)",SL.UEM.TOTL.FE.ZS,8.44699955,6.703999996,12.00399971,13.11299992,11.23900032,9.623999596,8.87899971,7.757999897,7.725999832,7.571000099,9.954999924,9.812000275,9.87899971,9.293000221,15.82999992,11.54599953,10.90200043,7.217000008,6.563000202,5.144000053,5.181000233,5.298999786,5.242000103,6.236000061,6.032999992
Guyana,GUY,"Unemployment, female (% of female labor force) (modeled ILO estimate)",SL.UEM.TOTL.FE.ZS,15.14400005,15.29899979,15.21199989,15.29899979,15.23200035,15.25699997,14.85599995,14.38199997,13.97000027,13.47500038,13.69799995,14.0539999,14.26799965,14.52099991,14.74199963,14.99400043,15.27499962,15.55799961,15.82299995,16.00200081,16.24600029,16.49399948,15.09300041,17.0909996,16.62299919
High income,HIC,"Unemployment, female (% of female labor force) (modeled ILO estimate)",SL.UEM.TOTL.FE.ZS,7.849391023,7.727358883,7.505685394,7.151534293,6.9401505,7.367384144,7.410346489,7.321275402,7.121130426,6.570330308,5.989273551,6.105923255,7.720233748,8.070045316,7.997422512,8.153139515,8.011607738,7.493861109,6.886189904,6.42963498,5.873094827,5.347391469,5.049896019,6.888715473,5.865627972
"Hong Kong SAR, China",HKG,"Unemployment, female (% of female labor force) (modeled ILO estimate)",SL.UEM.TOTL.FE.ZS,2.073999882,4.021999836,5.074999809,4.011000156,3.85800004,5.895999908,6.184999943,5.546000004,4.409999847,3.723999977,3.374000072,2.979000092,4.327000141,3.497999907,2.795000076,2.762000084,2.970000029,3.010999918,3.177000046,3.078000069,2.855999947,2.423000097,2.295000076,4.734000206,4.210000038
Honduras,HND,"Unemployment, female (% of female labor force) (modeled ILO estimate)",SL.UEM.TOTL.FE.ZS,3.319999933,4.355999947,3.792000055,3.874000072,4.079999924,4.803999901,6.56799984,8.343999863,6.471000195,4.436999798,4.353000164,3.887000084,4.315000057,5.47300005,6.419000149,5.19299984,7.577000141,9.418999672,9.008000374,9.06799984,8.057999611,7.215000153,7.782000065,13.93700027,10.73200035
Heavily indebted poor countries (HIPC),HPC,"Unemployment, female (% of female labor force) (modeled ILO estimate)",SL.UEM.TOTL.FE.ZS,4.967528306,5.034110875,5.179681644,5.184616856,5.105181904,5.128735066,5.160450515,5.046920475,4.909687702,4.906386624,4.875209619,4.861629122,5.078460136,5.351276858,5.320383957,5.144622426,4.866997224,4.876789383,5.052886646,5.006428024,5.040818792,4.98809979,5.018230701,5.909494698,5.673824259
Croatia,HRV,"Unemployment, female (% of female labor force) (modeled ILO estimate)",SL.UEM.TOTL.FE.ZS,10.14999962,12.08399963,14.53100014,17.32900047,17.88299942,17.29999924,15.63899994,15.2840004,13.85299969,12.68599987,11.34000015,10.34300041,10.70199966,12.30599976,13.72399998,15.97900009,16.75699997,18.26799965,16.90500069,13.79100037,11.91399956,9.347000122,7.168000221,7.580999851,8.022999763
Haiti,HTI,"Unemployment, female (% of female labor force) (modeled ILO estimate)",SL.UEM.TOTL.FE.ZS,8.468000412,8.416000366,8.347999573,9.69699955,11.06900024,12.40400028,13.71800041,15.17700005,16.42399979,17.81200027,19.08499908,18.73800087,18.23900032,18.14699936,17.42900085,17.13599968,16.93099976,16.89299965,16.77700043,16.70499992,16.59700012,16.53199959,16.54400063,17.83499908,17.95800018
Hungary,HUN,"Unemployment, female (% of female labor force) (modeled ILO estimate)",SL.UEM.TOTL.FE.ZS,7.854000092,8.095000267,6.221000195,5.785999775,4.874000072,5.076000214,5.385000229,5.856999874,7.428999901,7.909999847,7.738999844,8.005999565,9.736000061,10.65699959,10.98099995,10.60599995,10.1420002,7.914999962,7.038000107,5.105000019,4.577000141,3.99000001,3.496999979,4.481999874,4.243000031
IBRD only,IBD,"Unemployment, female (% of female labor force) (modeled ILO estimate)",SL.UEM.TOTL.FE.ZS,5.96323626,6.204592578,6.468231319,6.388178859,6.58871099,6.81315911,7.006979158,6.963785056,6.912643687,6.597495029,6.359251317,6.239789624,6.545606913,6.361730775,6.159147495,6.001554509,5.982565885,5.917786738,6.104719384,6.232781898,6.190946177,6.038445717,5.922280857,6.821753613,6.363558789
IDA & IBRD total,IBT,"Unemployment, female (% of female labor force) (modeled ILO estimate)",SL.UEM.TOTL.FE.ZS,5.737677073,5.963988506,6.193811348,6.125416712,6.28153537,6.456097604,6.608262767,6.561269372,6.506792336,6.229531275,6.028272463,5.930454547,6.190997408,6.027977909,5.871276421,5.75437849,5.733789084,5.664272304,5.888800237,5.982525739,5.954857188,5.826300295,5.777845487,6.688280173,6.361910493
IDA total,IDA,"Unemployment, female (% of female labor force) (modeled ILO estimate)",SL.UEM.TOTL.FE.ZS,4.663028907,4.827119873,4.908053823,4.908795447,4.879963404,4.851987104,4.844630528,4.808317976,4.762734988,4.671121798,4.642744572,4.659960859,4.760953328,4.713901518,4.758722126,4.810196813,4.802125401,4.737771427,5.120209736,5.111811972,5.157556089,5.128004986,5.304604017,6.272053314,6.356579346
IDA blend,IDB,"Unemployment, female (% of female labor force) (modeled ILO estimate)",SL.UEM.TOTL.FE.ZS,5.13639104,5.449699545,5.372520163,5.127350236,4.920288181,4.659870495,4.436177789,4.19244534,3.97078523,3.751612423,3.540399524,3.593026728,3.555545786,3.643672923,3.523681919,3.698645729,3.90206742,3.688324318,4.707113225,4.712050784,4.879408141,4.985537459,5.566557397,6.685623717,6.794372477
Indonesia,IDN,"Unemployment, female (% of female labor force) (modeled ILO estimate)",SL.UEM.TOTL.FE.ZS,5.646999836,6.126999855,6.886000156,6.717000008,7.380000114,7.843999863,8.312000275,9.18200016,10.04300022,9.281000137,9.904999733,8.104000092,6.704999924,6.388000011,5.565000057,4.785999775,4.271999836,3.881999969,4.422999859,3.868999958,3.480000019,4.183000088,3.34800005,3.766000032,3.15199995
IDA only,IDX,"Unemployment, female (% of female labor force) (modeled ILO estimate)",SL.UEM.TOTL.FE.ZS,4.465548103,4.565954742,4.712350635,4.815986049,4.862783615,4.933838976,5.019745944,5.074038956,5.105802785,5.072549926,5.126506084,5.130156133,5.297508293,5.194980999,5.31538222,5.303565627,5.193523844,5.193078511,5.300224104,5.284011724,5.275255389,5.187640778,5.193380582,6.095678604,6.15758043
Isle of Man,IMN,"Unemployment, female (% of female labor force) (modeled ILO estimate)",SL.UEM.TOTL.FE.ZS,,,,,,,,,,,,,,,,,,,,,,,,,
India,IND,"Unemployment, female (% of female labor force) (modeled ILO estimate)",SL.UEM.TOTL.FE.ZS,7.278999805,7.515999794,7.764999866,7.875,8.093999863,8.276000023,8.55700016,8.76099968,8.963999748,8.873000145,8.772000313,8.586999893,8.588000298,8.506999969,8.350000381,8.262000084,8.18599987,8.112000465,8.029000282,7.940000057,7.820000172,7.721000195,6.065999985,8.673999786,6.901000023
Not classified,INX,"Unemployment, female (% of female labor force) (modeled ILO estimate)",SL.UEM.TOTL.FE.ZS,,,,,,,,,,,,,,,,,,,,,,,,,
Ireland,IRL,"Unemployment, female (% of female labor force) (modeled ILO estimate)",SL.UEM.TOTL.FE.ZS,10.14700031,7.339000225,5.614999771,4.272999763,3.54399991,3.753000021,4.008999825,3.83100009,4.006000042,4.208000183,4.928999901,5.697000027,9.508999825,11.40600014,12.49600029,12.75,12.41499996,10.88099957,8.913000107,7.597000122,6.287000179,5.690999985,4.690000057,5.646999836,6.142000198
"Iran, Islamic Rep.",IRN,"Unemployment, female (% of female labor force) (modeled ILO estimate)",SL.UEM.TOTL.FE.ZS,15.00399971,16.44799995,17.91200066,19.19799995,20.67499924,21.81999969,18.88100052,16.16699982,17.64299965,16.54299927,16.13400078,16.95199966,17.06500053,20.78899956,21.11300087,19.86100006,19.97500038,19.8579998,19.59900093,20.86199951,19.95000076,18.99600029,17.57999992,15.69299984,17.76300049
Iraq,IRQ,"Unemployment, female (% of female labor force) (modeled ILO estimate)",SL.UEM.TOTL.FE.ZS,8.585000038,8.468999863,8.355999947,8.234999657,8.19299984,8.121999741,7.988999844,7.71999979,7.69299984,7.548999786,7.443999767,8.420000076,9.458999634,10.44900036,11.45199966,12.40999985,17.1439991,21.81299973,22.01300049,22.125,30.73800087,28.73500061,26.71100044,27.90200043,28.19400024
Iceland,ISL,"Unemployment, female (% of female labor force) (modeled ILO estimate)",SL.UEM.TOTL.FE.ZS,3.816999912,3.805999994,2.789000034,2.631999969,2.230999947,2.650000095,3.97300005,2.743000031,2.490999937,3.056999922,2.266000032,2.585000038,5.681000233,6.730000019,6.208000183,5.659999847,5.080999851,4.789000034,4.053999901,3.049000025,2.719000101,2.532999992,3.114000082,5.289999962,6.34499979
Israel,ISR,"Unemployment, female (% of female labor force) (modeled ILO estimate)",SL.UEM.TOTL.FE.ZS,10.89299965,11.21199989,11.53600025,11.16600037,12.00800037,12.74199963,13.81400013,13.76900005,11.62699986,11.04599953,9.81400013,7.856999874,9.177000046,7.949999809,6.952000141,6.982999802,6.242000103,5.916999817,5.388000011,4.94299984,4.326000214,3.953000069,3.926000118,4.120999813,4.376999855
Italy,ITA,"Unemployment, female (% of female labor force) (modeled ILO estimate)",SL.UEM.TOTL.FE.ZS,16.36899948,16.53700066,16.25799942,14.83199978,13.03299999,12.60000038,11.93999958,10.23200035,10.03800011,8.774000168,7.840000153,8.486000061,9.222999573,9.592000008,9.539999962,11.82299995,13.06599998,13.79399967,12.69200039,12.77299976,12.38700008,11.76900005,11.10099983,10.18999958,10.625
Jamaica,JAM,"Unemployment, female (% of female labor force) (modeled ILO estimate)",SL.UEM.TOTL.FE.ZS,9.130000114,9.137000084,9.06099987,9.052000046,9.031000137,8.994999886,8.93900013,8.951000214,8.930000305,8.86400032,8.859999657,8.869999886,9.105999947,9.762000084,10.25199986,11.2159996,12.58199978,11.65699959,11.47700024,11.38099957,9.717000008,6.958000183,6.376999855,7.434000015,7.352000237
Jordan,JOR,"Unemployment, female (% of female labor force) (modeled ILO estimate)",SL.UEM.TOTL.FE.ZS,23.52000046,22.77400017,22.00499916,21.22400093,20.56599998,22.07099915,20.88699913,23.40699959,26.09799957,25.26600075,25.83600044,24.69000053,24.40299988,21.85300064,21.30599976,20.08399963,22.2859993,20.88599968,22.78300095,24.11300087,27.35300064,24.12100029,24.00699997,25.35400009,25.59499931
Japan,JPN,"Unemployment, female (% of female labor force) (modeled ILO estimate)",SL.UEM.TOTL.FE.ZS,3.400000095,3.982000113,4.520999908,4.512000084,4.736000061,5.123000145,4.888999939,4.412000179,4.221000195,3.920000076,3.773000002,3.854000092,4.784999847,4.606999874,4.150000095,4.052999973,3.683000088,3.371999979,3.092999935,2.835999966,2.645999908,2.234999895,2.167000055,2.519999981,2.470999956
Kazakhstan,KAZ,"Unemployment, female (% of female labor force) (modeled ILO estimate)",SL.UEM.TOTL.FE.ZS,14.87899971,15.04699993,15.45400047,14.66899967,12.02700043,11.18200016,10.3760004,9.81099987,9.543999672,9.194999695,8.623000145,7.929999828,7.517000198,6.612999916,6.188000202,6.448999882,5.842999935,5.662000179,5.493999958,5.502999783,5.410999775,5.347000122,5.28399992,5.368000031,5.738999844
Kenya,KEN,"Unemployment, female (% of female labor force) (modeled ILO estimate)",SL.UEM.TOTL.FE.ZS,3.440999985,3.382999897,3.372999907,3.372999907,3.311000109,3.328999996,3.27699995,3.227999926,3.194999933,3.165999889,3.138999939,3.194000006,3.132999897,3.053999901,3.063999891,3.045000076,3.028000116,2.989000082,2.963000059,2.944999933,3.723999977,4.468999863,5.251999855,5.78399992,5.943999767
Kyrgyz Republic,KGZ,"Unemployment, female (% of female labor force) (modeled ILO estimate)",SL.UEM.TOTL.FE.ZS,1.82099998,1.843999982,1.95599997,2.073999882,2.171999931,2.210000038,2.391000032,2.490999937,2.5,2.640000105,2.812999964,2.913000107,2.934000015,2.986999989,3.184999943,3.194999933,3.480999947,3.467000008,3.569999933,3.687000036,3.805000067,3.895999908,4.499000072,5.005000114,5.165999889
Cambodia,KHM,"Unemployment, female (% of female labor force) (modeled ILO estimate)",SL.UEM.TOTL.FE.ZS,1.440000057,1.414000034,1.264999986,1.294999957,1.31099999,1.324000001,1.27699995,1.23300004,1.174000025,1.197000027,1.192000031,0.856999993,0.559000015,0.791000009,0.474000007,0.499000013,0.52700001,0.689999998,0.458999991,0.860000014,0.172000006,0.173999995,0.179000005,0.323000014,0.351999998
Kiribati,KIR,"Unemployment, female (% of female labor force) (modeled ILO estimate)",SL.UEM.TOTL.FE.ZS,,,,,,,,,,,,,,,,,,,,,,,,,
St. Kitts and Nevis,KNA,"Unemployment, female (% of female labor force) (modeled ILO estimate)",SL.UEM.TOTL.FE.ZS,,,,,,,,,,,,,,,,,,,,,,,,,
"Korea, Rep.",KOR,"Unemployment, female (% of female labor force) (modeled ILO estimate)",SL.UEM.TOTL.FE.ZS,2.303999901,5.645999908,5.078000069,3.226999998,3.000999928,2.493000031,3.03399992,3.076999903,3.09100008,2.703999996,2.394000053,2.397000074,2.683000088,2.832999945,2.637000084,2.556999922,2.45600009,2.957000017,3.486000061,3.539000034,3.476000071,3.687000036,3.582999945,3.987999916,3.743000031
Kuwait,KWT,"Unemployment, female (% of female labor force) (modeled ILO estimate)",SL.UEM.TOTL.FE.ZS,1.514999986,1.513000011,1.503999949,1.72300005,1.713999987,2.358999968,2.813999891,3.674000025,3.223999977,2.779999971,2.96600008,3.576999903,3.272000074,2.819999933,3.421000004,4.15500021,4.962999821,5.809999943,4.75,5.793000221,5.854000092,5.84100008,5.843999863,7.785999775,7.017000198
Latin America & Caribbean (excluding high income),LAC,"Unemployment, female (% of female labor force) (modeled ILO estimate)",SL.UEM.TOTL.FE.ZS,10.5568774,10.88646964,11.69001866,11.56250994,11.06173073,11.30554638,11.36934453,10.95798976,10.54099309,9.688923399,9.24673172,8.714834642,9.740982313,8.871425337,8.469124688,7.872738416,7.721948198,7.377396399,8.125388953,9.544282046,9.917958107,9.778089707,9.89310316,12.20018714,11.66897967
Lao PDR,LAO,"Unemployment, female (% of female labor force) (modeled ILO estimate)",SL.UEM.TOTL.FE.ZS,2.367000103,2.378999949,2.104000092,2.040999889,1.914999962,1.779999971,1.644999981,1.506999969,1.355000019,1.18599999,1.074000001,0.935000002,0.805000007,0.657000005,0.949999988,1.236999989,1.524999976,1.827999949,2.132999897,2.438999891,2.743000031,2.753000021,2.770999908,2.973999977,3.147000074
Lebanon,LBN,"Unemployment, female (% of female labor force) (modeled ILO estimate)",SL.UEM.TOTL.FE.ZS,10.82299995,10.60900021,10.48400021,10.27999973,10.07299995,9.902000427,9.729000092,9.508000374,9.777000427,10.01299953,10.14000034,10.26099968,10.32900047,10.73200035,11.20699978,11.55799961,11.91399956,12.31099987,12.71199989,13.06200027,13.44299984,13.85400009,14.3210001,16.01199913,15.76099968
Liberia,LBR,"Unemployment, female (% of female labor force) (modeled ILO estimate)",SL.UEM.TOTL.FE.ZS,2.230999947,2.236999989,2.232000113,2.21600008,2.285000086,2.285000086,2.332999945,2.292000055,2.288000107,2.282999992,2.280999899,2.289999962,2.296000004,2.296000004,2.160000086,2.030999899,1.901000023,1.789000034,2.062000036,2.338999987,2.335000038,2.345000029,2.361000061,3.020999908,2.990999937
Libya,LBY,"Unemployment, female (% of female labor force) (modeled ILO estimate)",SL.UEM.TOTL.FE.ZS,26.71500015,26.61300087,26.50399971,26.34600067,26.2670002,26.11899948,25.82999992,25.79400063,25.5890007,25.5510006,25.48200035,25.45599937,25.42900085,25.29999924,25.46199989,24.97699928,25.46899986,25.63500023,25.51799965,25.49300003,25.2159996,25.38299942,25.55999947,26.19099998,26.79899979
St. Lucia,LCA,"Unemployment, female (% of female labor force) (modeled ILO estimate)",SL.UEM.TOTL.FE.ZS,24.08399963,26.34499931,20.64999962,21.31900024,22.83699989,24.18899918,28.43099976,25.23900032,23.1609993,20.40299988,18.74300003,14.75,16.49799919,18.37700081,20.26199913,21.23200035,23.97500038,23.13299942,22.45499992,21.62000084,20.88800049,20.87400055,16.95499992,22.2310009,21.5189991
Latin America & Caribbean,LCN,"Unemployment, female (% of female labor force) (modeled ILO estimate)",SL.UEM.TOTL.FE.ZS,10.74301504,10.99139122,11.94306375,11.7205368,11.26914469,11.71515244,11.83789309,11.3287617,10.65108918,9.749895316,9.229714458,8.703678445,9.671688153,8.823538965,8.41696912,7.849706427,7.749668628,7.392738359,8.010942119,9.261245311,9.636953127,9.532158008,9.668051501,12.0419099,11.42286145
Least developed countries: UN classification,LDC,"Unemployment, female (% of female labor force) (modeled ILO estimate)",SL.UEM.TOTL.FE.ZS,4.154570273,4.217830739,4.287309286,4.328634934,4.361064072,4.491038834,4.627890591,4.7082785,4.808704126,4.828236858,4.849425609,4.841360859,5.004396165,5.18119791,5.226082806,5.29829655,5.291925189,5.249571656,5.322845548,5.404185289,5.432442511,5.340185745,5.346171688,6.234881082,6.326178651
Low income,LIC,"Unemployment, female (% of female labor force) (modeled ILO estimate)",SL.UEM.TOTL.FE.ZS,4.778900403,4.838858584,4.917371925,4.927613116,4.90140762,4.968671615,5.033672796,4.924860947,4.847100696,4.919470478,4.955660634,4.960942794,5.216070411,5.408879794,5.348987987,5.256841202,5.07127352,5.094795386,5.214699684,5.293643537,5.388089715,5.331357114,5.37668455,6.133613754,5.987239638
Liechtenstein,LIE,"Unemployment, female (% of female labor force) (modeled ILO estimate)",SL.UEM.TOTL.FE.ZS,,,,,,,,,,,,,,,,,,,,,,,,,
Sri Lanka,LKA,"Unemployment, female (% of female labor force) (modeled ILO estimate)",SL.UEM.TOTL.FE.ZS,16.44000053,13.72000027,13.35599995,11.46700001,11.42199993,13.02799988,12.88599968,12.94799995,11.92700005,9.93500042,9.170999527,8.241000175,8.779000282,7.464000225,6.973999977,6.157999992,6.478000164,6.321000099,7.434999943,6.821000099,6.313000202,6.953999996,7.311999798,7.407000065,7.887000084
Lower middle income,LMC,"Unemployment, female (% of female labor force) (modeled ILO estimate)",SL.UEM.TOTL.FE.ZS,6.179498316,6.473105969,6.720924738,6.759749799,6.944014452,6.980081073,7.080329682,7.227171446,7.33636451,7.071616637,6.97052476,6.677730588,6.620388389,6.545649098,6.348820867,6.26839666,6.205964656,6.081275799,6.38683356,6.250180892,6.111725405,6.006678675,5.565624955,6.827067471,6.378850364
Low & middle income,LMY,"Unemployment, female (% of female labor force) (modeled ILO estimate)",SL.UEM.TOTL.FE.ZS,5.591340464,5.83665306,6.034184276,5.915321612,6.056922166,6.200355805,6.364195762,6.330623148,6.312704208,6.084453476,5.935061746,5.863993316,6.114393236,5.942750631,5.786332498,5.666796542,5.63886079,5.583486056,5.836007508,5.95379931,5.937398995,5.817023666,5.768798061,6.661245415,6.346710166
Lesotho,LSO,"Unemployment, female (% of female labor force) (modeled ILO estimate)",SL.UEM.TOTL.FE.ZS,18.73399925,18.79199982,18.81999969,18.73399925,18.75399971,18.84600067,18.75200081,18.84600067,18.80999947,18.8029995,18.81900024,18.79800034,19.00699997,18.8390007,18.87599945,18.84300041,18.98900032,18.99300003,18.95299911,18.94400024,19.13899994,19.08499908,19.06200027,20.56999969,20.63999939
Late-demographic dividend,LTE,"Unemployment, female (% of female labor force) (modeled ILO estimate)",SL.UEM.TOTL.FE.ZS,4.835211983,5.123311178,5.353244811,5.193231423,5.362652236,5.529787959,5.762848793,5.60358789,5.576175036,5.261551671,4.978093247,4.992617182,5.422972469,5.077034598,4.975921816,4.825607097,4.796937256,4.697284438,4.901064357,5.110901534,5.131975531,4.938206088,5.090940352,5.793551511,5.492193274
Lithuania,LTU,"Unemployment, female (% of female labor force) (modeled ILO estimate)",SL.UEM.TOTL.FE.ZS,13.93700027,11.86600018,12.06900024,13.61699963,14.10700035,12.78600025,13.19499969,11.06000042,8.527000427,5.609000206,4.330999851,5.633999825,10.53999996,14.52400017,12.90799999,11.56299973,10.47799969,9.218000412,8.152999878,6.639999866,5.663000107,5.406000137,5.492000103,7.690000057,6.605999947
Luxembourg,LUX,"Unemployment, female (% of female labor force) (modeled ILO estimate)",SL.UEM.TOTL.FE.ZS,3.631999969,4.135000229,3.319000006,3.150000095,2.174999952,3.628000021,4.709000111,7.080999851,5.824999809,6.28000021,4.730999947,6.022999763,6.118000031,5.092999935,6.251999855,5.906000137,6.383999825,5.767000198,7.34499979,6.627999783,5.499000072,5.883999825,5.525000095,6.967000008,5.623000145
Latvia,LVA,"Unemployment, female (% of female labor force) (modeled ILO estimate)",SL.UEM.TOTL.FE.ZS,14.7869997,13.47999954,13.36299992,13.37300014,12.46700001,12.76000023,12.01900005,12.27200031,9.968999863,6.738999844,5.56799984,7.081999779,14.14000034,16.29500008,13.79500008,13.94999981,11.1420002,9.838999748,8.63599968,8.392999649,7.677000046,6.413000107,5.422999859,7.065000057,6.532999992
"Macao SAR, China",MAC,"Unemployment, female (% of female labor force) (modeled ILO estimate)",SL.UEM.TOTL.FE.ZS,2.631999969,3.312999964,4.375,4.669000149,4.399000168,4.467000008,4.702000141,4.034999847,3.838999987,3.819999933,2.953000069,2.792999983,2.842999935,2.079999924,2.154999971,1.651000023,1.399000049,1.394999981,1.603999972,1.531000018,1.590000033,1.320000052,1.338000059,2.217000008,1.893000007
St. Martin (French part),MAF,"Unemployment, female (% of female labor force) (modeled ILO estimate)",SL.UEM.TOTL.FE.ZS,,,,,,,,,,,,,,,,,,,,,,,,,
Morocco,MAR,"Unemployment, female (% of female labor force) (modeled ILO estimate)",SL.UEM.TOTL.FE.ZS,13.38099957,13.16399956,13.29300022,13.01599979,12.50500011,12.54599953,13.00300026,11.36900043,11.56200027,9.670000076,9.427000046,9.784000397,9.286000252,9.491000175,10.24400043,9.956000328,9.57199955,10.28600025,10.41300011,10.69099998,10.68799973,10.76500034,10.82999992,12.6590004,12.38599968
Monaco,MCO,"Unemployment, female (% of female labor force) (modeled ILO estimate)",SL.UEM.TOTL.FE.ZS,,,,,,,,,,,,,,,,,,,,,,,,,
Moldova,MDA,"Unemployment, female (% of female labor force) (modeled ILO estimate)",SL.UEM.TOTL.FE.ZS,6.426000118,8.095000267,8.970000267,7.221000195,5.913000107,5.547999859,6.368000031,6.339000225,5.999000072,5.784999847,3.888000011,3.380000114,4.907999992,5.756000042,5.597000122,4.30700016,4.145999908,2.921000004,3.450999975,2.743999958,3.219000101,2.359999895,4.34800005,3.250999928,2.539000034
Madagascar,MDG,"Unemployment, female (% of female labor force) (modeled ILO estimate)",SL.UEM.TOTL.FE.ZS,5.626999855,5.708000183,5.782999992,5.876999855,5.401000023,6.165999889,6.25,4.921999931,3.522000074,3.867000103,4.21600008,4.556000233,5.050000191,5.34800005,2.986999989,0.630999982,1.023000002,1.411999941,1.805999994,1.82099998,1.840999961,1.863999963,1.876999974,2.344000101,2.381000042
Maldives,MDV,"Unemployment, female (% of female labor force) (modeled ILO estimate)",SL.UEM.TOTL.FE.ZS,1.912999988,2.197999954,2.477999926,2.752000093,3.980000019,5.282999992,6.586999893,7.808000088,8.923999786,10.55099964,11.6619997,12.97399998,14.06000042,12.96700001,11.69299984,10.34200001,9.083999634,7.77699995,6.447999954,5.171999931,4.714000225,4.252999783,3.78399992,4.379000187,4.489999771
Middle East & North Africa,MEA,"Unemployment, female (% of female labor force) (modeled ILO estimate)",SL.UEM.TOTL.FE.ZS,15.43944586,15.6270007,15.87153563,17.37542226,17.59664962,18.3453325,17.71212078,17.35257946,17.17799625,16.43747427,15.3343986,15.34154216,16.5196894,17.1947512,17.62942994,17.92758694,17.92260721,18.08312171,18.4257286,18.61629729,18.70607746,17.77156819,17.31136567,17.0184114,17.25200255
Mexico,MEX,"Unemployment, female (% of female labor force) (modeled ILO estimate)",SL.UEM.TOTL.FE.ZS,6.376999855,5.100999832,3.674999952,3.381999969,3.391000032,3.825999975,4.473999977,5.28000021,3.90899992,3.891000032,4,4.028999805,5.354000092,5.179999828,5.131999969,4.883999825,4.953999996,4.84800005,4.447999954,3.910000086,3.601999998,3.407000065,3.51699996,4.097000122,4.132999897
Marshall Islands,MHL,"Unemployment, female (% of female labor force) (modeled ILO estimate)",SL.UEM.TOTL.FE.ZS,,,,,,,,,,,,,,,,,,,,,,,,,
Middle income,MIC,"Unemployment, female (% of female labor force) (modeled ILO estimate)",SL.UEM.TOTL.FE.ZS,5.65682236,5.915868173,6.12028053,5.985108368,6.137112467,6.293338025,6.473662262,6.45288421,6.44703385,6.19777508,6.033342893,5.958204627,6.210851127,6.005689796,5.839279812,5.715037289,5.704042911,5.641016905,5.907410159,6.027853146,5.999454649,5.875473604,5.814498462,6.723481582,6.389667474
North Macedonia,MKD,"Unemployment, female (% of female labor force) (modeled ILO estimate)",SL.UEM.TOTL.FE.ZS,40.84700012,37.66699982,33.26499939,34.86999893,32.04000092,32.30199814,36.28300095,37.80500031,38.09999847,37.20500183,35.9640007,34.39899826,32.84000015,33.56999969,30.86000061,30.65399933,29.25399971,29.12700081,25.37999916,23.24900055,22.40800095,20.56399918,18.55900002,16.18099976,14.7130003
Mali,MLI,"Unemployment, female (% of female labor force) (modeled ILO estimate)",SL.UEM.TOTL.FE.ZS,1.324000001,1.307999969,1.317000031,1.345999956,1.26699996,1.327999949,1.296000004,1.335000038,1.307999969,1.317000031,1.322999954,1.315000057,1.31400001,1.31099999,1.32099998,1.343000054,1.325000048,1.297999978,1.302000046,1.300999999,1.427000046,1.555999994,1.562999964,3.542000055,2.630000114
Malta,MLT,"Unemployment, female (% of female labor force) (modeled ILO estimate)",SL.UEM.TOTL.FE.ZS,6.552999973,6.545000076,6.535999775,6.528999805,8.069999695,8.312999725,9.914999962,8.265999794,8.36400032,8.321000099,7.896999836,6.782999992,7.627999783,7.132999897,7.133999825,7.22300005,6.140999794,5.099999905,5.392000198,5.173999786,4.256000042,3.497999907,4.015999794,4.504000187,3.256999969
Myanmar,MMR,"Unemployment, female (% of female labor force) (modeled ILO estimate)",SL.UEM.TOTL.FE.ZS,0.800000012,0.805999994,0.785000026,0.754999995,0.758000016,0.768999994,0.762000024,0.75999999,0.765999973,0.772000015,0.782999992,0.800000012,0.81099999,0.818000019,0.847000003,0.861000001,0.852999985,0.855000019,0.910000026,1.274000049,1.81400001,0.975000024,0.479000002,2.177000046,
Middle East & North Africa (excluding high income),MNA,"Unemployment, female (% of female labor force) (modeled ILO estimate)",SL.UEM.TOTL.FE.ZS,16.8376774,17.02496575,17.24079797,18.96809295,19.15716823,19.87787554,18.96613275,18.46993219,18.38258454,17.57020168,16.41726259,16.72313707,17.9499196,18.86253781,19.41952033,19.65167962,19.77806513,19.98591531,20.43253904,20.71094871,20.85493718,19.96319766,19.45449015,19.06232951,19.20632135
Montenegro,MNE,"Unemployment, female (% of female labor force) (modeled ILO estimate)",SL.UEM.TOTL.FE.ZS,32.23300171,32.53699875,32.31900024,33.24399948,33.56800079,34.02600098,34.48699951,35.00799942,35.43799973,28.31999969,20.94199944,18.31200027,20.40399933,20.72200012,20.07900047,20.37400055,18.94400024,18.23999977,17.30699921,17.10199928,16.94599915,15.1239996,15.68299961,18.37199974,17.55900002
Mongolia,MNG,"Unemployment, female (% of female labor force) (modeled ILO estimate)",SL.UEM.TOTL.FE.ZS,6.361999989,6.34499979,6.31799984,6.342000008,6.270999908,6.199999809,6.427999973,6.527999878,6.828000069,6.993000031,7.146999836,5.172999859,6.171000004,5.888999939,4.423999786,3.512000084,4.467999935,4.401000023,4.243999958,5.882999897,5.650000095,4.815999985,4.893000126,6.303999901,7.313000202
Northern Mariana Islands,MNP,"Unemployment, female (% of female labor force) (modeled ILO estimate)",SL.UEM.TOTL.FE.ZS,,,,,,,,,,,,,,,,,,,,,,,,,
Mozambique,MOZ,"Unemployment, female (% of female labor force) (modeled ILO estimate)",SL.UEM.TOTL.FE.ZS,1.536000013,1.654000044,1.75999999,1.91900003,1.983999968,2.109999895,2.236000061,2.345000029,2.467000008,2.563999891,2.691999912,2.812999964,2.940999985,3.061000109,3.177000046,3.301000118,3.427999973,3.549999952,3.683000088,3.710999966,3.713999987,3.717999935,3.730000019,3.983999968,4.249000072
Mauritania,MRT,"Unemployment, female (% of female labor force) (modeled ILO estimate)",SL.UEM.TOTL.FE.ZS,12.52000046,12.39900017,12.36999989,12.47099972,12.43400002,12.41699982,12.34700012,12.39799976,12.35599995,12.22299957,12.55599976,12.54800034,12.55900002,12.5369997,12.52900028,12.54199982,12.34899998,12.15299988,11.94200039,11.81000042,11.54300022,11.59200001,11.59799957,12.20400047,12.62199974
Mauritius,MUS,"Unemployment, female (% of female labor force) (modeled ILO estimate)",SL.UEM.TOTL.FE.ZS,12.92000008,12.56400013,12.28600025,11.83500004,11.65699959,11.69299984,12.43000031,13.42199993,16.3939991,15.56400013,14.4460001,12.68500042,12.34799957,12.97200012,11.75300026,11.74699974,11.17500019,10.8579998,10.71700001,10.43299961,10.06599998,9.548999786,9.720000267,10.21199989,10.56499958
Malawi,MWI,"Unemployment, female (% of female labor force) (modeled ILO estimate)",SL.UEM.TOTL.FE.ZS,5.638999939,5.656000137,5.677000046,5.702000141,5.782000065,5.723999977,5.695000172,5.710000038,5.743999958,5.745999813,5.712999821,5.751999855,5.765999794,5.802000046,5.846000195,5.893000126,5.875,5.853000164,5.868000031,5.855000019,5.822999954,5.801000118,5.771999836,6.515999794,6.612999916
Malaysia,MYS,"Unemployment, female (% of female labor force) (modeled ILO estimate)",SL.UEM.TOTL.FE.ZS,2.835000038,3.309999943,3.29399991,3.058000088,3.788000107,3.778000116,3.635999918,3.805000067,3.704999924,3.391000032,3.444999933,3.651000023,3.763000011,3.579999924,3.313999891,3.223999977,3.490999937,3.220999956,3.391000032,3.927999973,3.823999882,3.631000042,3.401000023,4.681000233,4.275000095
North America,NAC,"Unemployment, female (% of female labor force) (modeled ILO estimate)",SL.UEM.TOTL.FE.ZS,5.450985005,4.953975871,4.63946145,4.359502435,4.873899948,5.764323692,5.824646365,5.555224118,5.241526353,4.781353486,4.620740712,5.440540923,7.947615662,8.463924591,8.301606686,7.768078752,7.015987115,6.098442813,5.30126398,4.951134595,4.483547026,4.02626343,3.795999007,8.462383461,5.438467514
Namibia,NAM,"Unemployment, female (% of female labor force) (modeled ILO estimate)",SL.UEM.TOTL.FE.ZS,25.87999916,24.49600029,23.07999992,21.66200066,22.65299988,23.49300003,24.44499969,25.14100075,25.20800018,24.85099983,24.67900085,24.53800011,24.38699913,24.01199913,21.52199936,19.00099945,20.70800018,20.38100052,22.65699959,25.01000023,21.82500076,18.59499931,18.75300026,19.7689991,20.07999992
New Caledonia,NCL,"Unemployment, female (% of female labor force) (modeled ILO estimate)",SL.UEM.TOTL.FE.ZS,21.6420002,21.96699905,21.15299988,20.69199944,20.38199997,20.00099945,19.41699982,19.18899918,18.61700058,17.79999924,17.34000015,17.08799934,16.31500053,15.7510004,15.81499958,15.89500046,15.73600006,15.59500027,14.83600044,14.06700039,13.08899975,12.3579998,11.57400036,12.92099953,12.73900032
Niger,NER,"Unemployment, female (% of female labor force) (modeled ILO estimate)",SL.UEM.TOTL.FE.ZS,1.044999957,1.001999974,1.039999962,1.036999941,0.992999971,1.440999985,1.894999981,2.34800005,2.701999903,2.299999952,1.904999971,1.452999949,1.065000057,0.624000013,0.217999995,3.191999912,1.868999958,0.423000008,0.43599999,0.442999989,0.453999996,0.460000008,0.472000003,0.555000007,0.460999995
Nigeria,NGA,"Unemployment, female (% of female labor force) (modeled ILO estimate)",SL.UEM.TOTL.FE.ZS,3.948999882,3.934000015,3.933000088,3.878000021,3.855000019,3.763000011,3.812000036,3.780999899,3.786999941,3.773999929,3.752000093,3.733999968,3.70600009,3.687999964,3.690000057,3.540999889,3.36500001,3.612999916,3.890000105,4.177000046,4.406000137,4.645999908,4.894999981,5.561999798,5.652999878
Nicaragua,NIC,"Unemployment, female (% of female labor force) (modeled ILO estimate)",SL.UEM.TOTL.FE.ZS,7.68900013,7.717999935,7.673999786,7.752999783,7.798999786,7.868000031,7.859000206,8.062000275,5.798999786,4.953999996,5.047999859,6.993000031,9.159999847,8.788000107,7.278999805,5.818999767,5.474999905,5.622000217,5.448999882,4.27699995,3.489000082,5.261000156,5.285999775,5.913000107,6.080999851
Netherlands,NLD,"Unemployment, female (% of female labor force) (modeled ILO estimate)",SL.UEM.TOTL.FE.ZS,7.133999825,5.794000149,4.843999863,3.460000038,2.519000053,2.880000114,3.795000076,5.043000221,6.903999805,6.144000053,5.193999767,4.460999966,4.920000076,5.539999962,5.414999962,6.228000164,7.298999786,7.749000072,7.267000198,6.513999939,5.256999969,3.957999945,3.358999968,3.953000069,4.500999928
Norway,NOR,"Unemployment, female (% of female labor force) (modeled ILO estimate)",SL.UEM.TOTL.FE.ZS,5.028999805,4.022999763,3.233999968,3.278000116,3.611999989,4.087999821,3.95600009,3.923000097,4.190000057,3.342000008,2.415999889,2.359999895,2.601000071,2.940000057,2.984999895,2.628999949,3.230000019,3.23300004,4.004000187,3.913000107,3.690000057,3.540999889,3.394000053,4.129000187,4.15899992
Nepal,NPL,"Unemployment, female (% of female labor force) (modeled ILO estimate)",SL.UEM.TOTL.FE.ZS,12.54599953,12.47000027,12.50199986,12.54500008,12.48900032,12.3210001,12.42099953,12.42099953,12.35599995,12.31700039,12.2840004,12.33600044,12.2510004,12.22299957,12.14099979,12.13000011,12.0539999,12.08600044,11.97999954,11.82800007,12.06200027,12.02700043,12.00800037,14.47700024,13.81599998
Nauru,NRU,"Unemployment, female (% of female labor force) (modeled ILO estimate)",SL.UEM.TOTL.FE.ZS,,,,,,,,,,,,,,,,,,,,,,,,,
New Zealand,NZL,"Unemployment, female (% of female labor force) (modeled ILO estimate)",SL.UEM.TOTL.FE.ZS,6.866000175,7.616000175,6.686999798,5.977000237,5.375999928,5.464000225,5.111000061,4.521999836,4.152999878,4.203000069,3.963999987,4.265999794,6.140999794,6.929999828,6.758999825,7.386000156,6.421000004,6.126999855,5.897999763,5.522999763,5.239999771,4.498000145,4.429999828,4.986000061,3.880000114
OECD members,OED,"Unemployment, female (% of female labor force) (modeled ILO estimate)",SL.UEM.TOTL.FE.ZS,8.130180317,8.007863657,7.877015427,7.512856878,7.154426083,7.590021758,7.66299821,7.632426194,7.295896975,6.688978008,6.127506151,6.295977419,7.961775161,8.261870542,8.130398225,8.206298797,8.070789853,7.598746528,7.037880814,6.644051524,6.166401026,5.703764101,5.562030413,7.35050646,6.406404893
Oman,OMN,"Unemployment, female (% of female labor force) (modeled ILO estimate)",SL.UEM.TOTL.FE.ZS,8.057999611,8.098999977,8.116000175,7.946000099,7.96600008,8.062999725,8.067000389,7.979000092,7.968999863,7.922999859,7.967000008,7.90500021,8.477999687,9.227000237,9.973999977,10.59300041,11.45199966,12.19499969,12.61100006,13.2159996,10.60999966,7.697999954,7.635000229,10.85900021,9.154000282
Other small states,OSS,"Unemployment, female (% of female labor force) (modeled ILO estimate)",SL.UEM.TOTL.FE.ZS,14.02565848,13.83917872,13.82188085,13.57362417,14.24911556,14.06817655,14.5955095,14.46393962,14.36264365,13.78301509,13.2790449,13.18847018,13.85788326,14.31013586,13.94274886,13.57494384,13.72277822,13.37028203,13.27527084,13.1370891,12.49963727,11.77939744,11.66014894,12.61223394,12.68933428
Pakistan,PAK,"Unemployment, female (% of female labor force) (modeled ILO estimate)",SL.UEM.TOTL.FE.ZS,0.435000002,0.423999995,0.412,0.398000002,0.381999999,0.36500001,0.35800001,0.34799999,0.333000004,0.319000006,0.252000004,0.523999989,0.363000005,0.634000003,0.672999978,2.039000034,3.421000004,2.017999887,6.150000095,5.644999981,5.09499979,4.545000076,6.263000011,9.281999588,9.154000282
Panama,PAN,"Unemployment, female (% of female labor force) (modeled ILO estimate)",SL.UEM.TOTL.FE.ZS,8.180000305,8.173000336,8.230999947,8.145000458,8.069999695,7.958000183,7.986999989,7.864999771,7.882999897,7.782999992,7.68900013,7.72300005,7.863999844,7.668000221,4.631000042,4.705999851,4.834000111,5.649000168,5.367000103,5.866000175,6.927999973,6.710000038,8.015000343,19.17900085,10.69900036
Peru,PER,"Unemployment, female (% of female labor force) (modeled ILO estimate)",SL.UEM.TOTL.FE.ZS,4.84100008,5.119999886,5.047999859,5.011000156,5.098999977,4.914000034,4.065999985,5.258999825,5.031000137,4.867000103,4.602000237,4.622000217,4.195000172,4.162000179,3.821000099,3.714999914,3.947999954,3.404999971,3.345999956,3.97300005,3.905999899,3.871999979,3.734999895,6.995999813,5.552999973
Philippines,PHL,"Unemployment, female (% of female labor force) (modeled ILO estimate)",SL.UEM.TOTL.FE.ZS,3.933000088,4.146999836,4.004000187,3.969000101,4.019999981,3.946000099,3.845000029,3.885999918,4.208000183,4.326000214,3.711999893,4.010000229,4.136000156,3.792999983,3.826999903,3.724999905,3.822999954,3.720999956,3.221999884,2.852999926,2.698999882,2.678999901,2.53399992,2.71600008,2.96600008
Palau,PLW,"Unemployment, female (% of female labor force) (modeled ILO estimate)",SL.UEM.TOTL.FE.ZS,,,,,,,,,,,,,,,,,,,,,,,,,
Papua New Guinea,PNG,"Unemployment, female (% of female labor force) (modeled ILO estimate)",SL.UEM.TOTL.FE.ZS,2.085000038,2.076999903,1.991000056,2.046999931,1.947000027,1.881999969,1.786000013,1.715000033,1.60800004,1.557999969,1.468999982,1.506000042,1.363000035,1.269999981,1.43599999,1.411000013,1.432000041,1.345000029,1.425999999,1.449000001,1.481999993,1.536999941,1.493999958,1.641000032,1.842000008
Poland,POL,"Unemployment, female (% of female labor force) (modeled ILO estimate)",SL.UEM.TOTL.FE.ZS,12.99199963,11.8210001,13.17000008,18.32600021,20.03199959,20.6779995,19.93000031,19.77099991,19.15099907,14.92800045,10.34700012,7.962999821,8.668000221,10.02600002,10.39500046,10.9090004,11.11100006,9.588999748,7.709000111,6.225999832,4.912000179,3.855999947,3.599999905,3.286999941,3.387000084
Pre-demographic dividend,PRE,"Unemployment, female (% of female labor force) (modeled ILO estimate)",SL.UEM.TOTL.FE.ZS,4.537706566,4.496253724,4.501072916,4.506852119,4.484515062,4.534855527,4.613132444,4.563363472,4.534266478,4.578582468,4.511825553,4.503290606,4.675664521,5.261623206,5.205346498,5.139783723,4.980833724,4.978195063,5.069182558,5.124054495,5.331866893,5.334659995,5.396931472,6.082326276,6.01116662
Puerto Rico,PRI,"Unemployment, female (% of female labor force) (modeled ILO estimate)",SL.UEM.TOTL.FE.ZS,12.14999962,11.98200035,9.451000214,7.412000179,9.192000389,10.31700039,10.65699959,8.614999771,10.09899998,10.55000019,9.531000137,9.663000107,12.43500042,12.58300018,12.66300011,12.08600044,11.79399967,11.32699966,9.647000313,9.550999641,8.795000076,7.537000179,6.84800005,7.309999943,6.610000134
"Korea, Dem. People's Rep.",PRK,"Unemployment, female (% of female labor force) (modeled ILO estimate)",SL.UEM.TOTL.FE.ZS,2.858999968,3.009000063,3.177999973,3.164999962,3.203999996,3.145999908,3.177999973,3.161999941,3.134000063,3.062999964,3.095000029,3.015000105,3.03399992,2.930999994,3.026000023,2.997999907,3.009000063,2.940000057,2.993000031,3.023000002,2.996999979,2.944000006,2.904999971,3.125999928,3.377000093
Portugal,PRT,"Unemployment, female (% of female labor force) (modeled ILO estimate)",SL.UEM.TOTL.FE.ZS,7.504000187,5.670000076,5.066999912,4.732999802,4.952000141,5.315999985,7.251999855,7.178999901,8.630000114,8.909999847,9.493000031,8.748999596,10.08699989,11.8579998,13.04599953,15.4989996,16.37000084,14.33199978,12.75199986,11.17300034,9.350999832,7.43200016,7.143000126,7.063000202,6.90199995
Paraguay,PRY,"Unemployment, female (% of female labor force) (modeled ILO estimate)",SL.UEM.TOTL.FE.ZS,6.776000023,5.070000172,6.111000061,8.927000046,7.227000237,11.82499981,8.345000267,8.373000145,6.252999783,6.681000233,6.65500021,5.979000092,6.657000065,6.046999931,6.397999763,5.443999767,4.955999851,6.802999973,4.941999912,6.709000111,5.418000221,7.52699995,8.298999786,9.973999977,9.552000046
West Bank and Gaza,PSE,"Unemployment, female (% of female labor force) (modeled ILO estimate)",SL.UEM.TOTL.FE.ZS,8.56099987,8.362000465,8.18599987,8.048999786,10.09700012,12.85999966,15.20800018,14.875,16.69499969,13.02999973,14.45600033,19.5529995,20.10899925,21.55999947,22.38899994,25.93700027,27.32500076,26.08399963,34.12099838,37.72700119,42.52099991,41.62099838,40.89099884,39.81200027,42.55099869
Pacific island small states,PSS,"Unemployment, female (% of female labor force) (modeled ILO estimate)",SL.UEM.TOTL.FE.ZS,3.738000423,3.728832299,3.688208553,3.980482481,3.928453723,3.895384614,3.865866492,3.721470517,3.287314931,3.180903703,3.222018583,3.200504501,3.29125031,3.086567162,2.983901288,3.226634249,3.108987111,3.14047396,3.26458987,3.352496633,3.439974467,3.459463514,3.446443578,3.647635008,3.838359093
Post-demographic dividend,PST,"Unemployment, female (% of female labor force) (modeled ILO estimate)",SL.UEM.TOTL.FE.ZS,7.89913781,7.928210453,7.629612767,7.032862455,6.690058613,6.998014175,6.989520903,6.867611571,6.61577797,6.214439716,5.753635165,5.942541495,7.5296593,7.888274465,7.82762754,7.965556758,7.823933711,7.392914799,6.83246714,6.387648024,5.85614638,5.316367835,4.992416402,6.859378221,5.845334601
French Polynesia,PYF,"Unemployment, female (% of female labor force) (modeled ILO estimate)",SL.UEM.TOTL.FE.ZS,13.57400036,13.19900036,13.33600044,13.30099964,13.47000027,13.3760004,13.14500046,13.12100029,13.06299973,12.98400021,12.8039999,12.96500015,13.32800007,13.22000027,13.29100037,13.16100025,13.08300018,13.09200001,13.01900005,13.0010004,12.86800003,12.96500015,13.00800037,14.43900013,14.24499989
Qatar,QAT,"Unemployment, female (% of female labor force) (modeled ILO estimate)",SL.UEM.TOTL.FE.ZS,3.089999914,3.174000025,3.249000072,3.33100009,3.388999939,3.454999924,3.507999897,3.568000078,3.71600008,4.09100008,2.671999931,1.682000041,1.77699995,2.730999947,3.227999926,2.710999966,1.523000002,1.029999971,0.870000005,0.717000008,0.628000021,0.460000008,0.273000002,0.521000028,0.532000005
Romania,ROU,"Unemployment, female (% of female labor force) (modeled ILO estimate)",SL.UEM.TOTL.FE.ZS,5.896999836,5.46999979,5.53399992,6.381999969,6.010000229,7.598999977,6.380000114,6.157999992,6.431000233,6.114999771,5.410999775,4.677000046,5.84499979,6.178999901,6.467000008,6.079999924,6.315000057,6.092000008,5.855999947,4.984000206,4.047999859,3.496999979,3.381000042,4.688000202,5.045000076
Russian Federation,RUS,"Unemployment, female (% of female labor force) (modeled ILO estimate)",SL.UEM.TOTL.FE.ZS,11.44900036,12.95199966,12.89999962,10.36900043,8.598999977,7.604000092,7.949999809,7.515999794,6.933000088,6.690999985,5.640999794,5.945000172,7.669000149,6.837999821,6.090000153,5.071000099,5.140999794,4.820000172,5.30700016,5.34800005,5.050000191,4.782999992,4.335000038,5.532999992,4.796999931
Rwanda,RWA,"Unemployment, female (% of female labor force) (modeled ILO estimate)",SL.UEM.TOTL.FE.ZS,12.64700031,12.72900009,12.8039999,12.7489996,12.7489996,12.68200016,12.83399963,12.74100018,12.69900036,12.69099998,12.70499992,12.64299965,12.70699978,12.68000031,12.65999985,12.63799953,12.68500042,12.65200043,12.60099983,12.63199997,12.64999962,12.92199993,13.51500034,14.42099953,14.69099998
South Asia,SAS,"Unemployment, female (% of female labor force) (modeled ILO estimate)",SL.UEM.TOTL.FE.ZS,6.774412484,6.949691182,7.142244861,7.201721456,7.40874306,7.619562292,7.867671302,8.104135714,8.328467684,8.137050078,8.050052118,7.908288724,7.893591251,7.498857441,7.445865585,7.563356635,7.720566014,7.503578006,7.847858837,7.7279003,7.5088519,7.396468525,6.401823043,8.750438612,7.387249458
Saudi Arabia,SAU,"Unemployment, female (% of female labor force) (modeled ILO estimate)",SL.UEM.TOTL.FE.ZS,7.349999905,7.793000221,8.319000244,9.567000389,9.366000175,11.90100002,12.93099976,13.77700043,14.46500015,14.99400043,14.52299976,14.10000038,16.36499977,17.63699913,19.25,21.26099968,21.10899925,21.9659996,22.18600082,21.4810009,21.61300087,21.10199928,21.38400078,21.03199959,21.52899933
Sudan,SDN,"Unemployment, female (% of female labor force) (modeled ILO estimate)",SL.UEM.TOTL.FE.ZS,19.60899925,19.68899918,19.68899918,19.62100029,19.60400009,19.59799957,19.57900047,19.58200073,19.55699921,19.52700043,19.52700043,19.54400063,22.88800049,26.44099998,30.29999924,30.42300034,29.71100044,29.40800095,29.23699951,28.97200012,28.81399918,28.67399979,28.44400024,30.42399979,30.45299911
Senegal,SEN,"Unemployment, female (% of female labor force) (modeled ILO estimate)",SL.UEM.TOTL.FE.ZS,7.524000168,7.474999905,7.481999874,7.552000046,7.561999798,7.679999828,9.059000015,10.60900021,12.15699959,13.79399967,13.79899979,13.78600025,13.85000038,13.84599972,13.95400047,12.18900013,10.60999966,8.890999794,7.31400013,4.763999939,3.622999907,4.34100008,3.04399991,3.625999928,3.750999928
Singapore,SGP,"Unemployment, female (% of female labor force) (modeled ILO estimate)",SL.UEM.TOTL.FE.ZS,2.605000019,3.694999933,5.198999882,3.457999945,3.888000011,5.78399992,6.201000214,6.211999893,6.051000118,4.956999779,4.324999809,4.422999859,6.543000221,4.419000149,4.330999851,4.232999802,4.406000137,4.111000061,3.976999998,4.487999916,4.434999943,3.871999979,3.325999975,4.388000011,3.780999899
Solomon Islands,SLB,"Unemployment, female (% of female labor force) (modeled ILO estimate)",SL.UEM.TOTL.FE.ZS,1.529999971,1.506999969,1.56099999,1.896000028,1.771000028,1.682000041,1.519000053,1.541000009,1.588000059,1.628000021,1.664999962,1.666000009,1.766000032,1.40199995,1.184000015,1.008999944,0.716000021,0.760999978,0.75999999,0.717999995,0.726000011,0.741999984,0.773000002,0.887000024,1.036999941
Sierra Leone,SLE,"Unemployment, female (% of female labor force) (modeled ILO estimate)",SL.UEM.TOTL.FE.ZS,2.529000044,2.482000113,2.467000008,2.415999889,2.421999931,2.309000015,2.322999954,2.296999931,2.45600009,2.611000061,2.753000021,2.914999962,3.075000048,3.220999956,3.371000051,3.49000001,3.618999958,3.835999966,3.503999949,2.976000071,2.553999901,2.127000093,2.15899992,2.401000023,2.614000082
El Salvador,SLV,"Unemployment, female (% of female labor force) (modeled ILO estimate)",SL.UEM.TOTL.FE.ZS,5.326000214,5.778999805,4.861000061,3.743000031,5.217999935,3.464999914,3.496999979,3.825999975,4.789999962,3.881999969,3.707999945,3.618999958,4.919000149,4.15199995,3.411000013,3.296000004,3.325999975,3.131999969,3.470999956,3.846999884,4.006000042,3.750999928,4.381999969,5.461999893,4.790999889
San Marino,SMR,"Unemployment, female (% of female labor force) (modeled ILO estimate)",SL.UEM.TOTL.FE.ZS,,,,,,,,,,,,,,,,,,,,,,,,,
Somalia,SOM,"Unemployment, female (% of female labor force) (modeled ILO estimate)",SL.UEM.TOTL.FE.ZS,23.67000008,23.63599968,23.67399979,23.72200012,23.77300072,23.80900002,23.85899925,23.91600037,23.96500015,24.0340004,23.97800064,24.05699921,24.13100052,24.19799995,24.27199936,24.3239994,24.27000046,24.26399994,24.16300011,24.29700089,24.42200089,24.36400032,24.38299942,24.98999977,25.74099922
Serbia,SRB,"Unemployment, female (% of female labor force) (modeled ILO estimate)",SL.UEM.TOTL.FE.ZS,15.97500038,16.11899948,16.22999954,14.84200001,14.98600006,15.69499969,16.31699944,22.88100052,26.13800049,24.64999962,20.97200012,15.95600033,17.85000038,20.21100044,23.69000053,24.96100044,23.81100082,20.3560009,18.74699974,16.09499931,14.2670002,13.68900013,11.06499958,9.406000137,10.99699974
Sub-Saharan Africa (excluding high income),SSA,"Unemployment, female (% of female labor force) (modeled ILO estimate)",SL.UEM.TOTL.FE.ZS,6.190740272,6.210555111,6.279737453,6.226513831,6.147596738,6.115667676,6.109875012,5.969435078,5.864172228,5.840234084,5.781865276,5.762004651,5.839433395,6.385177507,6.215572652,6.100675417,5.892770717,5.955385447,6.1601139,6.210223668,6.273169059,6.279340951,6.43050346,6.952187654,7.231016466
South Sudan,SSD,"Unemployment, female (% of female labor force) (modeled ILO estimate)",SL.UEM.TOTL.FE.ZS,13.02799988,13.09700012,13.11499977,13.0880003,13.09599972,13.10999966,13.11499977,13.13300037,13.13099957,13.1260004,13.13799953,13.1619997,13.22299957,13.1420002,13.20800018,13.35000038,13.02400017,13.125,13.27600002,13.30599976,13.22999954,13.18999958,13.15400028,14.62899971,14.55200005
Sub-Saharan Africa,SSF,"Unemployment, female (% of female labor force) (modeled ILO estimate)",SL.UEM.TOTL.FE.ZS,6.190740272,6.210555111,6.279737453,6.226513831,6.147596738,6.115667676,6.109875012,5.969435078,5.864172228,5.840234084,5.781865276,5.762004651,5.839433395,6.385177507,6.215572652,6.100675417,5.892770717,5.955385447,6.1601139,6.210223668,6.273169059,6.279340951,6.43050346,6.952187654,7.231016466
Small states,SST,"Unemployment, female (% of female labor force) (modeled ILO estimate)",SL.UEM.TOTL.FE.ZS,13.30482539,13.13887412,12.96119463,12.65988902,13.06763405,12.99399939,13.39695476,13.08714167,12.98360503,12.33070238,11.91929091,11.75864669,12.39801821,12.71940904,12.53545474,12.3705628,12.58832424,12.25705385,12.10902763,12.04259871,11.39241292,10.63192777,10.46318049,11.48362727,11.52104424
Sao Tome and Principe,STP,"Unemployment, female (% of female labor force) (modeled ILO estimate)",SL.UEM.TOTL.FE.ZS,17.80800056,17.76499939,17.77599907,17.86100006,26.07600021,26.54199982,26.45700073,24.58699989,25.99799919,25.94599915,25.25399971,24.02799988,23.32600021,22.16799927,21.31299973,20.42099953,20.35300064,20.27599907,20.36100006,20.3220005,20.29700089,20.29000092,20.27199936,21.77400017,21.89599991
Suriname,SUR,"Unemployment, female (% of female labor force) (modeled ILO estimate)",SL.UEM.TOTL.FE.ZS,16.16500092,17.04100037,20.39999962,19.29100037,18.2159996,17.21500015,16.09900093,14.99800014,14.9829998,14.87800026,14.82400036,14.79100037,14.77900028,12.75199986,12.65499973,12.6239996,11.09700012,12.00800037,11.44699955,11.16600037,11.10499954,11.06799984,11.15600014,12.81099987,12.48499966
Slovak Republic,SVK,"Unemployment, female (% of female labor force) (modeled ILO estimate)",SL.UEM.TOTL.FE.ZS,12.84000015,12.54899979,15.89599991,18.61300087,18.54599953,18.78000069,17.28300095,19.62599945,17.23800087,14.73400021,12.68000031,10.93400002,12.83199978,14.60200024,13.63099957,14.5170002,14.52499962,13.62899971,12.89299965,10.76000023,8.407999992,7.03399992,5.952000141,7.06099987,6.988999844
Slovenia,SVN,"Unemployment, female (% of female labor force) (modeled ILO estimate)",SL.UEM.TOTL.FE.ZS,6.959000111,7.46999979,7.465000153,7.065000057,6.010000229,6.263999939,7.020999908,6.397999763,7.034999847,7.190000057,5.835000038,4.81799984,5.81099987,7.022999763,8.175000191,9.368000031,10.90799999,10.55099964,10.03600025,8.588999748,7.471000195,5.704999924,4.964000225,5.627999783,5.309000015
Sweden,SWE,"Unemployment, female (% of female labor force) (modeled ILO estimate)",SL.UEM.TOTL.FE.ZS,9.68500042,8.034999847,6.859000206,5.005000114,4.400000095,4.624000072,5.006999969,6.177000046,7.374000072,7.254000187,6.46999979,6.56099987,8.008000374,8.520000458,7.757999897,7.717000008,7.887000084,7.686999798,7.289000034,6.585999966,6.441999912,6.234000206,6.955999851,8.284999847,9.046999931
Eswatini,SWZ,"Unemployment, female (% of female labor force) (modeled ILO estimate)",SL.UEM.TOTL.FE.ZS,25.77599907,26.34600067,26.89500046,27.4829998,28.06100082,28.52599907,29.09799957,29.65999985,30.13899994,30.68300056,31.27400017,30.60700035,29.81500053,28.98600006,28.27199936,27.42399979,26.70899963,26.03300095,25.25,24.52599907,24.52300072,24.5359993,24.54899979,26.73999977,26.48500061
Sint Maarten (Dutch part),SXM,"Unemployment, female (% of female labor force) (modeled ILO estimate)",SL.UEM.TOTL.FE.ZS,,,,,,,,,,,,,,,,,,,,,,,,,
Seychelles,SYC,"Unemployment, female (% of female labor force) (modeled ILO estimate)",SL.UEM.TOTL.FE.ZS,,,,,,,,,,,,,,,,,,,,,,,,,
Syrian Arab Republic,SYR,"Unemployment, female (% of female labor force) (modeled ILO estimate)",SL.UEM.TOTL.FE.ZS,14.7869997,15.12899971,15.02600002,19.93799973,25.37000084,23.10099983,20.81100082,21.56500053,22.36100006,23.20700073,25.49300003,24.43799973,22.03700066,21.97800064,21.08399963,21.32999992,21.10099983,20.62599945,20.36199951,20.25600052,20.04800034,19.88999939,19.74200058,21.53700066,21.52300072
Turks and Caicos Islands,TCA,"Unemployment, female (% of female labor force) (modeled ILO estimate)",SL.UEM.TOTL.FE.ZS,,,,,,,,,,,,,,,,,,,,,,,,,
Chad,TCD,"Unemployment, female (% of female labor force) (modeled ILO estimate)",SL.UEM.TOTL.FE.ZS,0.349999994,0.368999988,0.393999994,0.414000005,0.421999991,0.444000006,0.456,0.456,0.490999997,0.527999997,0.54400003,0.56400001,0.58099997,0.588999987,0.625,0.633000016,0.656000018,0.674000025,0.699999988,0.734000027,0.749000013,0.75999999,0.765999973,1.156999946,1.139000058
East Asia & Pacific (IDA & IBRD countries),TEA,"Unemployment, female (% of female labor force) (modeled ILO estimate)",SL.UEM.TOTL.FE.ZS,2.9386387,3.079320411,3.142569368,3.104408888,3.57339801,3.817127956,4.084261269,4.086118327,4.158375265,4.029725379,4.042159328,4.038402774,4.001755228,3.782922534,3.701939467,3.637485106,3.608744714,3.594467527,3.679789526,3.579791162,3.490103401,3.402134053,3.480359602,3.91172218,3.596581389
Europe & Central Asia (IDA & IBRD countries),TEC,"Unemployment, female (% of female labor force) (modeled ILO estimate)",SL.UEM.TOTL.FE.ZS,11.11421739,11.97949819,12.27919461,11.6112509,10.86565755,10.43389564,10.13979253,9.857722037,9.280816201,8.399962959,7.198088839,6.969991659,8.173484702,7.963110263,7.527663955,7.116764296,7.209915348,7.1717965,7.257190863,7.065095958,6.812942965,6.469258352,6.538153124,6.997827532,6.934972256
Togo,TGO,"Unemployment, female (% of female labor force) (modeled ILO estimate)",SL.UEM.TOTL.FE.ZS,3.894999981,4.038000107,4.019000053,4.06400013,4.071000099,4.066999912,4.065000057,4.147999763,4.198999882,4.162000179,3.687999964,3.151000023,2.64199996,2.138999939,1.638000011,1.646999955,1.657999992,1.667999983,1.677999973,2.217999935,2.765000105,2.782000065,2.799999952,3.003000021,3.253000021
Thailand,THA,"Unemployment, female (% of female labor force) (modeled ILO estimate)",SL.UEM.TOTL.FE.ZS,0.897000015,3.394999981,2.943000078,2.335999966,2.492000103,1.63499999,1.442999959,1.379999995,1.210000038,1.121999979,1.065999985,1.039999962,1.452000022,0.620000005,0.675999999,0.531000018,0.238999993,0.56400001,0.611000001,0.712000012,0.841000021,0.748000026,0.736000001,1.088999987,1.034000039
Tajikistan,TJK,"Unemployment, female (% of female labor force) (modeled ILO estimate)",SL.UEM.TOTL.FE.ZS,12.875,15.2510004,14.20499992,13.93000031,13.56999969,13.20800018,12.81999969,12.41399956,11.93799973,11.55799961,11.18900013,10.80799961,10.34899998,9.68599987,8.98900032,8.279000282,7.56799984,6.849999905,6.136000156,5.440999985,5.505000114,5.572000027,5.631999969,5.903999805,6.327000141
Turkmenistan,TKM,"Unemployment, female (% of female labor force) (modeled ILO estimate)",SL.UEM.TOTL.FE.ZS,7.394999981,8.11400032,8.354999542,7.497000217,6.856999874,6.186999798,5.637000084,5.073999882,4.590000153,3.994999886,3.438999891,2.921999931,2.334000111,2.467999935,2.549999952,2.573999882,2.615999937,2.664000034,2.684999943,2.730000019,2.779000044,2.823999882,2.871000051,3.269999981,3.378000021
Latin America & the Caribbean (IDA & IBRD countries),TLA,"Unemployment, female (% of female labor force) (modeled ILO estimate)",SL.UEM.TOTL.FE.ZS,10.71108963,11.00761861,12.00128889,11.81538124,11.38902298,11.85620713,11.99899387,11.51141436,10.80746794,9.885414155,9.364918517,8.82150072,9.795268515,8.909071694,8.474674819,7.895545263,7.794122958,7.438575381,8.091589807,9.374964125,9.771724173,9.66496279,9.813677026,12.22804028,11.59229146
Timor-Leste,TLS,"Unemployment, female (% of female labor force) (modeled ILO estimate)",SL.UEM.TOTL.FE.ZS,4.28000021,4.347000122,4.769999981,4.096000195,4.052000046,4.322000027,4.250999928,4.206999779,4.164999962,4.239999771,4.054999828,4.032000065,4.034999847,4.032999992,4.427000046,4.797999859,5.181000233,5.515999794,5.90500021,6.257999897,6.346000195,6.275000095,5.907000065,6.234000206,6.548999786
Middle East & North Africa (IDA & IBRD countries),TMN,"Unemployment, female (% of female labor force) (modeled ILO estimate)",SL.UEM.TOTL.FE.ZS,16.89075377,17.08039099,17.29679063,19.03469316,19.20154027,19.91330777,18.98935109,18.49245663,18.39294708,17.59989507,16.43149764,16.70163756,17.9337928,18.84272791,19.39426443,19.5962436,19.71180285,19.92868028,20.29495416,20.54892255,20.641845,19.73586392,19.20687919,18.82503944,18.92266587
Tonga,TON,"Unemployment, female (% of female labor force) (modeled ILO estimate)",SL.UEM.TOTL.FE.ZS,4.046999931,4.537000179,5.013999939,5.77699995,6.126999855,6.600999832,7.403999805,5.781000137,3.571000099,1.554999948,1.684999943,1.725999951,2.09800005,2.08100009,2.059000015,2.346999884,2.496000051,2.573999882,2.732000113,2.678999901,2.911000013,3.151000023,3.124000072,3.540999889,3.654000044
South Asia (IDA & IBRD),TSA,"Unemployment, female (% of female labor force) (modeled ILO estimate)",SL.UEM.TOTL.FE.ZS,6.774412484,6.949691182,7.142244861,7.201721456,7.40874306,7.619562292,7.867671302,8.104135714,8.328467684,8.137050078,8.050052118,7.908288724,7.893591251,7.498857441,7.445865585,7.563356635,7.720566014,7.503578006,7.847858837,7.7279003,7.5088519,7.396468525,6.401823043,8.750438612,7.387249458
Sub-Saharan Africa (IDA & IBRD countries),TSS,"Unemployment, female (% of female labor force) (modeled ILO estimate)",SL.UEM.TOTL.FE.ZS,6.190740272,6.210555111,6.279737453,6.226513831,6.147596738,6.115667676,6.109875012,5.969435078,5.864172228,5.840234084,5.781865276,5.762004651,5.839433395,6.385177507,6.215572652,6.100675417,5.892770717,5.955385447,6.1601139,6.210223668,6.273169059,6.279340951,6.43050346,6.952187654,7.231016466
Trinidad and Tobago,TTO,"Unemployment, female (% of female labor force) (modeled ILO estimate)",SL.UEM.TOTL.FE.ZS,19.29899979,18.71699905,16.69199944,15.05599976,14.38700008,14.42000008,13.73600006,11.15499973,10.93299961,8.670999527,7.859000206,6.15899992,6.274000168,4.657000065,4.236999989,4.554999828,3.234999895,2.930999994,2.943000078,3.164000034,3.453000069,3.74000001,4.038000107,4.815999985,5.256000042
Tunisia,TUN,"Unemployment, female (% of female labor force) (modeled ILO estimate)",SL.UEM.TOTL.FE.ZS,17.33399963,16.9810009,16.56800079,16.09900093,15.55500031,15.73200035,16.19400024,16.30500031,15.15200043,15.13099957,15.13300037,15.91899967,18.74799919,18.92200089,27.3390007,25.57999992,22.99099922,21.51600075,22.19199944,23.45100021,22.61000061,22.75200081,22.17099953,23.46999931,23.63899994
Turkiye,TUR,"Unemployment, female (% of female labor force) (modeled ILO estimate)",SL.UEM.TOTL.FE.ZS,7.80700016,6.809999943,7.590000153,6.271999836,7.471000195,9.454999924,10.09799957,10.98999977,11.18799973,9.100999832,9.154000282,9.984000206,12.6079998,11.39400005,10.08500004,9.387000084,10.56400013,11.84399986,12.6079998,13.65100002,13.90600014,13.7840004,16.4279995,14.85400009,14.73499966
Tuvalu,TUV,"Unemployment, female (% of female labor force) (modeled ILO estimate)",SL.UEM.TOTL.FE.ZS,,,,,,,,,,,,,,,,,,,,,,,,,
Tanzania,TZA,"Unemployment, female (% of female labor force) (modeled ILO estimate)",SL.UEM.TOTL.FE.ZS,3.528000116,3.39199996,3.236999989,3.112999916,2.954999924,3.233999968,3.54399991,3.826999903,4.129000187,4.455999851,3.882999897,3.33100009,2.753999949,3.539000034,4.309999943,4.111999989,3.779999971,2.687000036,2.710999966,2.714999914,2.732000113,2.767999887,2.77699995,3.707999945,3.542000055
Uganda,UGA,"Unemployment, female (% of female labor force) (modeled ILO estimate)",SL.UEM.TOTL.FE.ZS,4.278999805,4.315000057,4.282999992,4.418000221,4.409999847,4.370999813,4.546999931,3.322999954,2.109999895,2.582999945,3.140000105,3.671000004,4.248000145,4.269999981,4.190999985,4.282999992,2.467999935,2.864000082,3.276000023,3.697999954,4.144000053,4.066999912,4.046000004,4.988999844,4.877999783
Ukraine,UKR,"Unemployment, female (% of female labor force) (modeled ILO estimate)",SL.UEM.TOTL.FE.ZS,8.404000282,10.77999973,11.31700039,11.19799995,10.60200024,9.74600029,8.732999802,8.30700016,6.843999863,6.616000175,6.018000126,6.099999905,7.362999916,6.863999844,6.709000111,6.495999813,6.247000217,7.56799984,8.104999542,7.729000092,7.735000134,7.441999912,7.855999947,9.076999664,10.14299965
Upper middle income,UMC,"Unemployment, female (% of female labor force) (modeled ILO estimate)",SL.UEM.TOTL.FE.ZS,5.353887777,5.586425525,5.76118158,5.51468931,5.643228504,5.872668063,6.097725355,5.968393186,5.88528387,5.639031281,5.419862855,5.480924864,5.934714051,5.633509858,5.488469415,5.334195861,5.359245609,5.338245528,5.577666326,5.874818257,5.921920743,5.784857092,5.995868703,6.645976176,6.397457736
Uruguay,URY,"Unemployment, female (% of female labor force) (modeled ILO estimate)",SL.UEM.TOTL.FE.ZS,15.06900024,12.33300018,13.69099998,15.89400005,19.81599998,20.99399948,20.80500031,16.62000084,15.25,14.20600033,12.72900009,10.93000031,10.43700027,9.444000244,8.079000473,8.279000282,8.213000298,8.343000412,8.845999718,9.434000015,9.465999603,10.07299995,10.50899982,12.35900021,10.90299988
United States,USA,"Unemployment, female (% of female labor force) (modeled ILO estimate)",SL.UEM.TOTL.FE.ZS,5.071000099,4.618000031,4.34499979,4.09800005,4.649000168,5.606999874,5.666999817,5.400000095,5.096000195,4.625,4.495999813,5.414999962,8.062000275,8.61400032,8.461999893,7.887000084,7.068999767,6.061999798,5.177000046,4.789000034,4.31099987,3.84100008,3.611000061,8.345999718,5.210000038
Uzbekistan,UZB,"Unemployment, female (% of female labor force) (modeled ILO estimate)",SL.UEM.TOTL.FE.ZS,13.69400024,16.51499939,16.32500076,14.82299995,13.42500019,12.0170002,10.67000008,9.508999825,8.145000458,6.856999874,5.635000229,5.46999979,5.586999893,5.960000038,4.864999771,4.764999866,4.736000061,4.962999821,5.019999981,5.02699995,5.675000191,5.704999924,5.71600008,6.40899992,6.545000076
St. Vincent and the Grenadines,VCT,"Unemployment, female (% of female labor force) (modeled ILO estimate)",SL.UEM.TOTL.FE.ZS,19.88800049,19.53899956,19.24600029,18.94599915,18.61800003,18.31699944,18.09600067,17.98600006,17.82099915,17.48699951,17.375,17.19199944,17.37299919,17.49300003,17.51300049,17.56200027,17.6439991,17.75,17.83600044,17.9109993,18.02099991,18.07799911,18.20400047,19.43499947,19.56900024
"Venezuela, RB",VEN,"Unemployment, female (% of female labor force) (modeled ILO estimate)",SL.UEM.TOTL.FE.ZS,13.62800026,13.30700016,16.48699951,14.60599995,14.10999966,18.90600014,20.50499916,17.9829998,11.63599968,9.390000343,7.644999981,6.225999832,5.967000008,6.946000099,7.208000183,7.105000019,8.605999947,7.613999844,6.5,5.409999847,5.869999886,5.847000122,5.93599987,7.909999847,7.262000084
British Virgin Islands,VGB,"Unemployment, female (% of female labor force) (modeled ILO estimate)",SL.UEM.TOTL.FE.ZS,,,,,,,,,,,,,,,,,,,,,,,,,
Virgin Islands (U.S.),VIR,"Unemployment, female (% of female labor force) (modeled ILO estimate)",SL.UEM.TOTL.FE.ZS,13.25699997,13.13199997,12.43099976,11.83300018,11.88700008,12.0909996,12.53299999,12.18099976,12.11900043,11.42599964,11.15600014,11.10299969,12.25399971,12.44200039,12.89599991,12.99699974,13.52000046,13.81799984,13.44499969,13.59599972,13.17800045,13.29800034,13.43000031,14.22200012,14.35400009
Vietnam,VNM,"Unemployment, female (% of female labor force) (modeled ILO estimate)",SL.UEM.TOTL.FE.ZS,2.549000025,2.15899992,2.404999971,2.144000053,3.25999999,2.326999903,2.630000114,2.434999943,2.25999999,2.121999979,1.932999969,1.796000004,1.58099997,1.074000001,0.90200001,0.931999981,1.144999981,1.110999942,1.710999966,1.700000048,1.700000048,1.029999971,1.597000003,2.444000006,2.286999941
Vanuatu,VUT,"Unemployment, female (% of female labor force) (modeled ILO estimate)",SL.UEM.TOTL.FE.ZS,1.536000013,1.606999993,1.621000051,1.508999944,1.695000052,1.731999993,1.531000018,1.532999992,1.504999995,1.444000006,1.54400003,1.488000035,1.534000039,1.565000057,1.531999946,1.578999996,1.593999982,1.544999957,1.605000019,1.523000002,1.496000051,1.565000057,1.547999978,1.73300004,1.914999962
World,WLD,"Unemployment, female (% of female labor force) (modeled ILO estimate)",SL.UEM.TOTL.FE.ZS,6.110745835,6.270052774,6.385244602,6.208491647,6.272572661,6.491311401,6.633274683,6.579543697,6.500942317,6.198352003,5.953031773,5.915671842,6.446330592,6.386335889,6.246451397,6.183250736,6.139056114,5.985220903,6.054257181,6.049458035,5.923892566,5.72014321,5.622724154,6.712056304,6.251384837
Samoa,WSM,"Unemployment, female (% of female labor force) (modeled ILO estimate)",SL.UEM.TOTL.FE.ZS,4.714000225,5.056000233,5.440000057,5.677999973,6.05700016,6.197000027,6.242000103,6.288000107,6.354000092,6.480000019,6.375,6.613999844,6.881999969,6.734000206,6.65199995,10.27700043,10.18900013,10.27200031,11.46500015,12.6239996,14.53899956,14.54100037,13.9460001,14.61499977,14.93200016
Kosovo,XKX,"Unemployment, female (% of female labor force) (modeled ILO estimate)",SL.UEM.TOTL.FE.ZS,,,,,,,,,,,,,,,,,,,,,,,,,
"Yemen, Rep.",YEM,"Unemployment, female (% of female labor force) (modeled ILO estimate)",SL.UEM.TOTL.FE.ZS,6.460000038,7.306000233,8.168999672,9.194999695,10.25300026,11.29599953,12.35099983,13.41499996,14.48200035,15.61900043,16.75200081,17.91200066,19.1060009,20.27400017,21.98600006,23.12100029,24.53199959,26.14599991,26.53800011,25.91900063,25.61100006,25.27199936,25.04500008,25.51799965,26.48900032
South Africa,ZAF,"Unemployment, female (% of female labor force) (modeled ILO estimate)",SL.UEM.TOTL.FE.ZS,22.82099915,22.81299973,22.6590004,22.50600052,22.46999931,22.34499931,22.28000069,22.13299942,22.01799965,21.92000008,21.84199905,21.82999992,21.58799934,24.92900085,23.0890007,23.35199928,23.40999985,24.24900055,24.83600044,26.01099968,25.68899918,25.88400078,27.06800079,25.58399963,30.27199936
Zambia,ZMB,"Unemployment, female (% of female labor force) (modeled ILO estimate)",SL.UEM.TOTL.FE.ZS,13.64099979,11.49199963,11.42099953,11.42399979,12.02200031,12.68599987,13.31000042,14.00800037,14.73600006,12.43099976,10.08500004,7.695000172,10.34399986,13.03999996,10.55500031,7.899000168,8.123000145,8.322999954,8.541000366,8.727000237,8.92800045,5.090000153,5.215000153,6.558000088,6.337999821
Zimbabwe,ZWE,"Unemployment, female (% of female labor force) (modeled ILO estimate)",SL.UEM.TOTL.FE.ZS,5.058000088,4.846000195,4.65199995,4.639999866,4.59499979,4.611999989,4.611999989,4.524000168,4.750999928,4.96600008,5.191999912,5.492000103,5.558000088,5.736999989,5.987999916,5.683000088,5.471000195,5.173999786,5.53000021,5.888000011,6.21600008,6.565999985,6.989999771,7.397999763,7.729000092
